MapDate,StateAbbreviation,None,D0,D1,D2,D3,D4,ValidStart,ValidEnd,StatisticFormatID
20200602,UT,9.44,90.56,80.73,29.05,0.00,0.00,2020-06-02,2020-06-08,1
20200526,UT,9.44,90.56,80.73,15.08,0.00,0.00,2020-05-26,2020-06-01,1
20200519,UT,9.44,90.56,80.73,8.47,0.00,0.00,2020-05-19,2020-05-25,1
20200512,UT,9.45,90.55,60.66,4.61,0.00,0.00,2020-05-12,2020-05-18,1
20200505,UT,13.53,86.47,60.66,4.61,0.00,0.00,2020-05-05,2020-05-11,1
20200428,UT,25.09,74.91,48.76,4.61,0.00,0.00,2020-04-28,2020-05-04,1
20200421,UT,22.15,77.85,48.76,4.61,0.00,0.00,2020-04-21,2020-04-27,1
20200414,UT,22.15,77.85,46.54,2.19,0.00,0.00,2020-04-14,2020-04-20,1
20200407,UT,22.15,77.85,46.54,1.25,0.00,0.00,2020-04-07,2020-04-13,1
20200331,UT,22.15,77.85,44.52,1.25,0.00,0.00,2020-03-31,2020-04-06,1
20200324,UT,19.06,80.94,44.41,1.25,0.00,0.00,2020-03-24,2020-03-30,1
20200317,UT,18.95,81.05,51.98,1.25,0.00,0.00,2020-03-17,2020-03-23,1
20200310,UT,23.46,76.54,58.62,1.33,0.00,0.00,2020-03-10,2020-03-16,1
20200303,UT,21.43,78.57,58.62,1.33,0.00,0.00,2020-03-03,2020-03-09,1
20200225,UT,29.81,70.19,53.83,1.33,0.00,0.00,2020-02-25,2020-03-02,1
20200218,UT,29.77,70.23,55.38,1.33,0.00,0.00,2020-02-18,2020-02-24,1
20200211,UT,29.77,70.23,55.38,1.33,0.00,0.00,2020-02-11,2020-02-17,1
20200204,UT,25.76,74.24,55.72,2.38,0.00,0.00,2020-02-04,2020-02-10,1
20200128,UT,25.76,74.24,55.72,2.38,0.00,0.00,2020-01-28,2020-02-03,1
20200121,UT,17.19,82.81,55.72,14.75,0.00,0.00,2020-01-21,2020-01-27,1
20200114,UT,17.19,82.81,55.72,14.75,0.00,0.00,2020-01-14,2020-01-20,1
20200107,UT,17.19,82.81,55.72,14.75,0.00,0.00,2020-01-07,2020-01-13,1
20191231,UT,17.19,82.81,55.72,30.47,0.00,0.00,2019-12-31,2020-01-06,1
20191224,UT,16.07,83.93,57.55,31.23,0.00,0.00,2019-12-24,2019-12-30,1
20191217,UT,16.07,83.93,57.55,31.23,0.00,0.00,2019-12-17,2019-12-23,1
20191210,UT,15.92,84.08,59.02,31.23,0.00,0.00,2019-12-10,2019-12-16,1
20191203,UT,15.50,84.50,62.03,31.90,0.00,0.00,2019-12-03,2019-12-09,1
20191126,UT,15.39,84.61,64.47,42.59,2.03,0.00,2019-11-26,2019-12-02,1
20191119,UT,17.80,82.20,64.47,42.59,2.03,0.00,2019-11-19,2019-11-25,1
20191112,UT,18.20,81.80,63.87,42.53,0.00,0.00,2019-11-12,2019-11-18,1
20191105,UT,18.22,81.78,62.40,37.62,0.00,0.00,2019-11-05,2019-11-11,1
20191029,UT,18.22,81.78,62.40,37.62,0.00,0.00,2019-10-29,2019-11-04,1
20191022,UT,18.22,81.78,62.40,37.62,0.00,0.00,2019-10-22,2019-10-28,1
20191015,UT,28.03,71.97,40.73,17.28,0.00,0.00,2019-10-15,2019-10-21,1
20191008,UT,28.03,71.97,40.73,12.51,0.00,0.00,2019-10-08,2019-10-14,1
20191001,UT,45.82,54.18,29.59,0.00,0.00,0.00,2019-10-01,2019-10-07,1
20190924,UT,45.82,54.18,16.33,0.00,0.00,0.00,2019-09-24,2019-09-30,1
20190917,UT,45.82,54.18,12.78,0.00,0.00,0.00,2019-09-17,2019-09-23,1
20190910,UT,21.81,78.19,12.78,0.00,0.00,0.00,2019-09-10,2019-09-16,1
20190903,UT,21.81,78.19,4.35,0.00,0.00,0.00,2019-09-03,2019-09-09,1
20190827,UT,81.74,18.26,1.09,0.00,0.00,0.00,2019-08-27,2019-09-02,1
20190820,UT,82.01,17.99,0.00,0.00,0.00,0.00,2019-08-20,2019-08-26,1
20190813,UT,82.06,17.94,0.00,0.00,0.00,0.00,2019-08-13,2019-08-19,1
20190806,UT,85.51,14.49,0.00,0.00,0.00,0.00,2019-08-06,2019-08-12,1
20190730,UT,85.51,14.49,0.00,0.00,0.00,0.00,2019-07-30,2019-08-05,1
20190723,UT,87.23,12.77,0.00,0.00,0.00,0.00,2019-07-23,2019-07-29,1
20190716,UT,99.97,0.03,0.00,0.00,0.00,0.00,2019-07-16,2019-07-22,1
20190709,UT,99.97,0.03,0.00,0.00,0.00,0.00,2019-07-09,2019-07-15,1
20190702,UT,99.97,0.03,0.00,0.00,0.00,0.00,2019-07-02,2019-07-08,1
20190625,UT,99.97,0.03,0.00,0.00,0.00,0.00,2019-06-25,2019-07-01,1
20190618,UT,99.97,0.03,0.00,0.00,0.00,0.00,2019-06-18,2019-06-24,1
20190611,UT,99.92,0.08,0.00,0.00,0.00,0.00,2019-06-11,2019-06-17,1
20190604,UT,99.47,0.53,0.01,0.00,0.00,0.00,2019-06-04,2019-06-10,1
20190528,UT,99.47,0.53,0.01,0.00,0.00,0.00,2019-05-28,2019-06-03,1
20190521,UT,99.45,0.55,0.01,0.00,0.00,0.00,2019-05-21,2019-05-27,1
20190514,UT,97.86,2.14,0.44,0.00,0.00,0.00,2019-05-14,2019-05-20,1
20190507,UT,97.55,2.45,0.44,0.00,0.00,0.00,2019-05-07,2019-05-13,1
20190430,UT,97.55,2.45,0.44,0.00,0.00,0.00,2019-04-30,2019-05-06,1
20190423,UT,95.34,4.66,1.31,0.00,0.00,0.00,2019-04-23,2019-04-29,1
20190416,UT,81.91,18.09,1.49,0.00,0.00,0.00,2019-04-16,2019-04-22,1
20190409,UT,63.36,36.64,3.23,0.00,0.00,0.00,2019-04-09,2019-04-15,1
20190402,UT,62.94,37.06,3.24,0.00,0.00,0.00,2019-04-02,2019-04-08,1
20190326,UT,62.94,37.06,3.24,0.00,0.00,0.00,2019-03-26,2019-04-01,1
20190319,UT,12.54,87.46,8.93,0.00,0.00,0.00,2019-03-19,2019-03-25,1
20190312,UT,7.06,92.94,10.80,0.00,0.00,0.00,2019-03-12,2019-03-18,1
20190305,UT,2.43,97.57,64.56,1.54,0.00,0.00,2019-03-05,2019-03-11,1
20190226,UT,2.43,97.57,64.41,3.98,0.00,0.00,2019-02-26,2019-03-04,1
20190219,UT,0.00,100.00,93.49,16.75,0.64,0.00,2019-02-19,2019-02-25,1
20190212,UT,0.00,100.00,93.80,19.73,1.79,0.00,2019-02-12,2019-02-18,1
20190205,UT,0.00,100.00,96.10,20.95,1.79,0.00,2019-02-05,2019-02-11,1
20190129,UT,0.00,100.00,96.10,20.95,1.79,0.00,2019-01-29,2019-02-04,1
20190122,UT,0.00,100.00,96.12,37.16,1.79,0.00,2019-01-22,2019-01-28,1
20190115,UT,0.00,100.00,100.00,73.31,5.38,1.80,2019-01-15,2019-01-21,1
20190108,UT,0.00,100.00,99.96,73.31,5.38,1.80,2019-01-08,2019-01-14,1
20190101,UT,0.00,100.00,99.96,73.31,7.70,1.80,2019-01-01,2019-01-07,1
20181225,UT,0.00,100.00,99.96,73.31,7.70,1.80,2018-12-25,2018-12-31,1
20181218,UT,0.00,100.00,99.96,73.33,7.70,1.80,2018-12-18,2018-12-24,1
20181211,UT,0.00,100.00,99.96,73.33,7.70,1.80,2018-12-11,2018-12-17,1
20181204,UT,0.00,100.00,99.96,73.33,8.44,1.83,2018-12-04,2018-12-10,1
20181127,UT,0.00,100.00,99.96,76.10,17.79,3.01,2018-11-27,2018-12-03,1
20181120,UT,0.00,100.00,99.96,76.10,17.79,3.01,2018-11-20,2018-11-26,1
20181113,UT,0.00,100.00,99.96,76.10,17.79,3.01,2018-11-13,2018-11-19,1
20181106,UT,0.00,100.00,99.96,76.10,17.79,3.01,2018-11-06,2018-11-12,1
20181030,UT,0.00,100.00,99.96,76.10,26.84,3.01,2018-10-30,2018-11-05,1
20181023,UT,0.00,100.00,99.96,76.13,26.84,3.01,2018-10-23,2018-10-29,1
20181016,UT,0.00,100.00,99.96,76.13,26.84,3.01,2018-10-16,2018-10-22,1
20181009,UT,0.00,100.00,99.96,76.33,27.13,3.01,2018-10-09,2018-10-15,1
20181002,UT,0.00,100.00,99.96,87.58,46.68,7.24,2018-10-02,2018-10-08,1
20180925,UT,0.00,100.00,99.96,87.58,46.68,7.24,2018-09-25,2018-10-01,1
20180918,UT,0.00,100.00,99.96,74.69,38.61,7.24,2018-09-18,2018-09-24,1
20180911,UT,0.00,100.00,99.96,74.69,37.33,7.24,2018-09-11,2018-09-17,1
20180904,UT,0.00,100.00,99.96,73.48,37.33,7.24,2018-09-04,2018-09-10,1
20180828,UT,0.00,100.00,99.96,69.89,37.33,7.24,2018-08-28,2018-09-03,1
20180821,UT,0.00,100.00,99.96,74.18,37.33,7.24,2018-08-21,2018-08-27,1
20180814,UT,0.00,100.00,99.96,74.18,37.33,7.24,2018-08-14,2018-08-20,1
20180807,UT,0.00,100.00,99.72,74.18,37.33,7.24,2018-08-07,2018-08-13,1
20180731,UT,0.00,100.00,99.72,69.93,42.20,7.24,2018-07-31,2018-08-06,1
20180724,UT,0.00,100.00,92.66,61.01,42.20,7.24,2018-07-24,2018-07-30,1
20180717,UT,0.00,100.00,92.61,61.01,42.20,7.24,2018-07-17,2018-07-23,1
20180710,UT,0.00,100.00,92.57,61.01,42.20,7.24,2018-07-10,2018-07-16,1
20180703,UT,0.00,100.00,92.65,60.95,29.79,7.24,2018-07-03,2018-07-09,1
20180626,UT,0.00,100.00,92.65,60.95,29.79,7.24,2018-06-26,2018-07-02,1
20180619,UT,0.00,100.00,92.65,59.75,27.75,4.02,2018-06-19,2018-06-25,1
20180612,UT,0.00,100.00,92.65,59.75,27.75,4.02,2018-06-12,2018-06-18,1
20180605,UT,0.00,100.00,92.67,59.75,27.75,4.02,2018-06-05,2018-06-11,1
20180529,UT,0.00,100.00,92.67,59.75,27.75,4.02,2018-05-29,2018-06-04,1
20180522,UT,0.00,100.00,92.67,59.75,27.75,4.02,2018-05-22,2018-05-28,1
20180515,UT,0.00,100.00,90.52,58.29,27.81,4.02,2018-05-15,2018-05-21,1
20180508,UT,0.00,100.00,90.43,58.29,27.81,4.02,2018-05-08,2018-05-14,1
20180501,UT,0.00,100.00,90.43,58.46,27.80,3.74,2018-05-01,2018-05-07,1
20180424,UT,0.00,100.00,90.43,58.46,27.80,3.74,2018-04-24,2018-04-30,1
20180417,UT,0.00,100.00,91.14,59.11,26.96,3.74,2018-04-17,2018-04-23,1
20180410,UT,0.00,100.00,91.14,59.11,26.96,2.89,2018-04-10,2018-04-16,1
20180403,UT,0.00,100.00,91.14,59.11,21.05,0.00,2018-04-03,2018-04-09,1
20180327,UT,0.00,100.00,90.96,56.92,19.96,0.00,2018-03-27,2018-04-02,1
20180320,UT,0.00,100.00,94.05,56.92,23.42,0.00,2018-03-20,2018-03-26,1
20180313,UT,0.00,100.00,94.05,58.90,23.42,0.00,2018-03-13,2018-03-19,1
20180306,UT,0.00,100.00,94.07,51.65,15.71,0.00,2018-03-06,2018-03-12,1
20180227,UT,0.00,100.00,94.07,51.65,12.72,0.00,2018-02-27,2018-03-05,1
20180220,UT,0.00,100.00,94.07,50.89,4.36,0.00,2018-02-20,2018-02-26,1
20180213,UT,0.00,100.00,94.08,50.89,0.00,0.00,2018-02-13,2018-02-19,1
20180206,UT,0.00,100.00,93.93,50.94,0.00,0.00,2018-02-06,2018-02-12,1
20180130,UT,0.00,100.00,93.99,47.53,0.00,0.00,2018-01-30,2018-02-05,1
20180123,UT,2.04,97.96,79.87,31.66,0.00,0.00,2018-01-23,2018-01-29,1
20180116,UT,2.04,97.96,79.87,31.66,0.00,0.00,2018-01-16,2018-01-22,1
20180109,UT,9.46,90.54,77.30,26.31,0.00,0.00,2018-01-09,2018-01-15,1
20180102,UT,9.73,90.27,61.37,19.64,0.00,0.00,2018-01-02,2018-01-08,1
20171226,UT,9.73,90.27,61.37,16.67,0.00,0.00,2017-12-26,2018-01-01,1
20171219,UT,9.73,90.27,61.37,16.67,0.00,0.00,2017-12-19,2017-12-25,1
20171212,UT,15.33,84.67,61.37,0.00,0.00,0.00,2017-12-12,2017-12-18,1
20171205,UT,15.33,84.67,53.40,0.00,0.00,0.00,2017-12-05,2017-12-11,1
20171128,UT,15.33,84.67,52.00,0.00,0.00,0.00,2017-11-28,2017-12-04,1
20171121,UT,18.84,81.16,17.69,0.00,0.00,0.00,2017-11-21,2017-11-27,1
20171114,UT,25.89,74.11,12.48,0.00,0.00,0.00,2017-11-14,2017-11-20,1
20171107,UT,30.31,69.69,12.48,0.00,0.00,0.00,2017-11-07,2017-11-13,1
20171031,UT,36.07,63.93,12.48,0.00,0.00,0.00,2017-10-31,2017-11-06,1
20171024,UT,43.53,56.47,6.97,0.00,0.00,0.00,2017-10-24,2017-10-30,1
20171017,UT,48.76,51.24,6.98,0.00,0.00,0.00,2017-10-17,2017-10-23,1
20171010,UT,50.09,49.91,6.98,0.00,0.00,0.00,2017-10-10,2017-10-16,1
20171003,UT,50.04,49.96,6.93,0.00,0.00,0.00,2017-10-03,2017-10-09,1
20170926,UT,50.04,49.96,7.82,0.00,0.00,0.00,2017-09-26,2017-10-02,1
20170919,UT,35.52,64.48,7.82,0.00,0.00,0.00,2017-09-19,2017-09-25,1
20170912,UT,35.58,64.42,7.82,0.00,0.00,0.00,2017-09-12,2017-09-18,1
20170905,UT,35.58,64.42,7.82,0.00,0.00,0.00,2017-09-05,2017-09-11,1
20170829,UT,66.74,33.26,6.40,0.00,0.00,0.00,2017-08-29,2017-09-04,1
20170822,UT,66.74,33.26,6.40,0.00,0.00,0.00,2017-08-22,2017-08-28,1
20170815,UT,69.82,30.18,6.05,0.00,0.00,0.00,2017-08-15,2017-08-21,1
20170808,UT,56.13,43.87,6.05,0.00,0.00,0.00,2017-08-08,2017-08-14,1
20170801,UT,56.09,43.91,6.05,0.00,0.00,0.00,2017-08-01,2017-08-07,1
20170725,UT,39.37,60.63,6.05,0.00,0.00,0.00,2017-07-25,2017-07-31,1
20170718,UT,46.26,53.74,6.05,0.00,0.00,0.00,2017-07-18,2017-07-24,1
20170711,UT,53.19,46.81,6.05,0.00,0.00,0.00,2017-07-11,2017-07-17,1
20170704,UT,61.18,38.82,3.61,0.00,0.00,0.00,2017-07-04,2017-07-10,1
20170627,UT,69.97,30.03,0.00,0.00,0.00,0.00,2017-06-27,2017-07-03,1
20170620,UT,69.97,30.03,0.00,0.00,0.00,0.00,2017-06-20,2017-06-26,1
20170613,UT,77.43,22.57,0.00,0.00,0.00,0.00,2017-06-13,2017-06-19,1
20170606,UT,77.43,22.57,0.00,0.00,0.00,0.00,2017-06-06,2017-06-12,1
20170530,UT,83.28,16.72,0.00,0.00,0.00,0.00,2017-05-30,2017-06-05,1
20170523,UT,83.28,16.72,0.00,0.00,0.00,0.00,2017-05-23,2017-05-29,1
20170516,UT,83.11,16.89,0.00,0.00,0.00,0.00,2017-05-16,2017-05-22,1
20170509,UT,87.23,12.77,0.00,0.00,0.00,0.00,2017-05-09,2017-05-15,1
20170502,UT,87.23,12.77,0.00,0.00,0.00,0.00,2017-05-02,2017-05-08,1
20170425,UT,100.00,0.00,0.00,0.00,0.00,0.00,2017-04-25,2017-05-01,1
20170418,UT,100.00,0.00,0.00,0.00,0.00,0.00,2017-04-18,2017-04-24,1
20170411,UT,100.00,0.00,0.00,0.00,0.00,0.00,2017-04-11,2017-04-17,1
20170404,UT,100.00,0.00,0.00,0.00,0.00,0.00,2017-04-04,2017-04-10,1
20170328,UT,100.00,0.00,0.00,0.00,0.00,0.00,2017-03-28,2017-04-03,1
20170321,UT,100.00,0.00,0.00,0.00,0.00,0.00,2017-03-21,2017-03-27,1
20170314,UT,100.00,0.00,0.00,0.00,0.00,0.00,2017-03-14,2017-03-20,1
20170307,UT,86.80,13.20,0.00,0.00,0.00,0.00,2017-03-07,2017-03-13,1
20170228,UT,86.80,13.20,0.00,0.00,0.00,0.00,2017-02-28,2017-03-06,1
20170221,UT,86.80,13.20,0.00,0.00,0.00,0.00,2017-02-21,2017-02-27,1
20170214,UT,86.80,13.20,0.00,0.00,0.00,0.00,2017-02-14,2017-02-20,1
20170207,UT,86.80,13.20,0.00,0.00,0.00,0.00,2017-02-07,2017-02-13,1
20170131,UT,64.24,35.76,0.00,0.00,0.00,0.00,2017-01-31,2017-02-06,1
20170124,UT,61.84,38.16,0.00,0.00,0.00,0.00,2017-01-24,2017-01-30,1
20170117,UT,54.91,45.09,0.00,0.00,0.00,0.00,2017-01-17,2017-01-23,1
20170110,UT,54.91,45.09,0.00,0.00,0.00,0.00,2017-01-10,2017-01-16,1
20170103,UT,48.15,51.85,13.25,0.00,0.00,0.00,2017-01-03,2017-01-09,1
20161227,UT,35.81,64.19,13.25,0.00,0.00,0.00,2016-12-27,2017-01-02,1
20161220,UT,24.68,75.32,14.21,2.18,0.00,0.00,2016-12-20,2016-12-26,1
20161213,UT,29.10,70.90,14.21,2.45,0.00,0.00,2016-12-13,2016-12-19,1
20161206,UT,29.49,70.51,14.21,2.45,0.00,0.00,2016-12-06,2016-12-12,1
20161129,UT,29.49,70.51,14.21,2.45,0.00,0.00,2016-11-29,2016-12-05,1
20161122,UT,29.49,70.51,14.21,2.45,0.00,0.00,2016-11-22,2016-11-28,1
20161115,UT,29.49,70.51,14.21,2.45,0.00,0.00,2016-11-15,2016-11-21,1
20161108,UT,29.49,70.51,14.21,2.45,0.00,0.00,2016-11-08,2016-11-14,1
20161101,UT,39.87,60.13,14.21,2.45,0.00,0.00,2016-11-01,2016-11-07,1
20161025,UT,46.26,53.74,14.21,2.45,0.00,0.00,2016-10-25,2016-10-31,1
20161018,UT,46.26,53.74,14.21,2.45,0.00,0.00,2016-10-18,2016-10-24,1
20161011,UT,46.21,53.79,14.21,2.45,0.00,0.00,2016-10-11,2016-10-17,1
20161004,UT,42.52,57.48,14.21,2.45,0.00,0.00,2016-10-04,2016-10-10,1
20160927,UT,42.08,57.92,14.21,2.45,0.00,0.00,2016-09-27,2016-10-03,1
20160920,UT,14.81,85.19,17.47,3.86,0.00,0.00,2016-09-20,2016-09-26,1
20160913,UT,14.81,85.19,20.78,4.14,0.00,0.00,2016-09-13,2016-09-19,1
20160906,UT,23.39,76.61,17.34,1.11,0.00,0.00,2016-09-06,2016-09-12,1
20160830,UT,40.58,59.42,5.04,0.00,0.00,0.00,2016-08-30,2016-09-05,1
20160823,UT,37.09,62.91,5.67,0.00,0.00,0.00,2016-08-23,2016-08-29,1
20160816,UT,44.55,55.45,4.04,0.00,0.00,0.00,2016-08-16,2016-08-22,1
20160809,UT,44.55,55.45,4.04,0.00,0.00,0.00,2016-08-09,2016-08-15,1
20160802,UT,44.55,55.45,4.04,0.00,0.00,0.00,2016-08-02,2016-08-08,1
20160726,UT,44.55,55.45,4.04,0.00,0.00,0.00,2016-07-26,2016-08-01,1
20160719,UT,50.41,49.59,0.00,0.00,0.00,0.00,2016-07-19,2016-07-25,1
20160712,UT,50.63,49.37,0.00,0.00,0.00,0.00,2016-07-12,2016-07-18,1
20160705,UT,50.63,49.37,0.00,0.00,0.00,0.00,2016-07-05,2016-07-11,1
20160628,UT,50.63,49.37,0.00,0.00,0.00,0.00,2016-06-28,2016-07-04,1
20160621,UT,53.23,46.77,0.00,0.00,0.00,0.00,2016-06-21,2016-06-27,1
20160614,UT,53.23,46.77,0.00,0.00,0.00,0.00,2016-06-14,2016-06-20,1
20160607,UT,53.23,46.77,0.00,0.00,0.00,0.00,2016-06-07,2016-06-13,1
20160531,UT,53.23,46.77,0.00,0.00,0.00,0.00,2016-05-31,2016-06-06,1
20160524,UT,36.24,63.76,0.00,0.00,0.00,0.00,2016-05-24,2016-05-30,1
20160517,UT,33.72,66.28,0.00,0.00,0.00,0.00,2016-05-17,2016-05-23,1
20160510,UT,33.66,66.34,12.35,0.00,0.00,0.00,2016-05-10,2016-05-16,1
20160503,UT,24.08,75.92,12.35,0.00,0.00,0.00,2016-05-03,2016-05-09,1
20160426,UT,4.41,95.59,30.09,12.79,0.00,0.00,2016-04-26,2016-05-02,1
20160419,UT,33.70,66.30,30.09,12.79,0.00,0.00,2016-04-19,2016-04-25,1
20160412,UT,33.74,66.26,30.09,12.79,0.00,0.00,2016-04-12,2016-04-18,1
20160405,UT,35.00,65.00,30.09,12.79,0.00,0.00,2016-04-05,2016-04-11,1
20160329,UT,34.19,65.81,30.09,12.79,0.00,0.00,2016-03-29,2016-04-04,1
20160322,UT,34.22,65.78,30.09,12.79,0.00,0.00,2016-03-22,2016-03-28,1
20160315,UT,34.21,65.79,30.09,12.79,0.00,0.00,2016-03-15,2016-03-21,1
20160308,UT,34.21,65.79,30.09,12.79,0.00,0.00,2016-03-08,2016-03-14,1
20160301,UT,37.16,62.84,30.09,12.79,0.00,0.00,2016-03-01,2016-03-07,1
20160223,UT,37.26,62.74,30.09,12.79,0.00,0.00,2016-02-23,2016-02-29,1
20160216,UT,37.26,62.74,30.09,12.79,0.00,0.00,2016-02-16,2016-02-22,1
20160209,UT,37.26,62.74,30.09,12.79,0.00,0.00,2016-02-09,2016-02-15,1
20160202,UT,37.26,62.74,30.09,12.79,0.00,0.00,2016-02-02,2016-02-08,1
20160126,UT,37.25,62.75,29.91,12.73,0.00,0.00,2016-01-26,2016-02-01,1
20160119,UT,37.25,62.75,29.91,12.73,0.00,0.00,2016-01-19,2016-01-25,1
20160112,UT,28.17,71.83,37.04,20.98,0.00,0.00,2016-01-12,2016-01-18,1
20160105,UT,24.82,75.18,50.77,20.98,0.00,0.00,2016-01-05,2016-01-11,1
20151229,UT,22.68,77.32,53.37,22.34,0.00,0.00,2015-12-29,2016-01-04,1
20151222,UT,22.67,77.33,53.37,22.34,0.00,0.00,2015-12-22,2015-12-28,1
20151215,UT,22.61,77.39,53.37,22.52,0.00,0.00,2015-12-15,2015-12-21,1
20151208,UT,22.52,77.48,53.37,22.52,0.00,0.00,2015-12-08,2015-12-14,1
20151201,UT,22.52,77.48,53.37,22.52,0.00,0.00,2015-12-01,2015-12-07,1
20151124,UT,19.90,80.10,53.53,26.16,0.00,0.00,2015-11-24,2015-11-30,1
20151117,UT,19.90,80.10,53.53,26.16,0.00,0.00,2015-11-17,2015-11-23,1
20151110,UT,19.90,80.10,53.53,26.18,0.00,0.00,2015-11-10,2015-11-16,1
20151103,UT,18.56,81.44,53.53,26.18,0.00,0.00,2015-11-03,2015-11-09,1
20151027,UT,18.56,81.44,55.73,26.18,0.00,0.00,2015-10-27,2015-11-02,1
20151020,UT,12.06,87.94,59.03,26.18,0.00,0.00,2015-10-20,2015-10-26,1
20151013,UT,12.59,87.41,61.11,26.82,0.00,0.00,2015-10-13,2015-10-19,1
20151006,UT,12.59,87.41,61.11,26.82,0.00,0.00,2015-10-06,2015-10-12,1
20150929,UT,11.92,88.08,63.03,26.82,0.00,0.00,2015-09-29,2015-10-05,1
20150922,UT,11.92,88.08,63.03,26.82,0.00,0.00,2015-09-22,2015-09-28,1
20150915,UT,11.92,88.08,63.03,26.82,0.00,0.00,2015-09-15,2015-09-21,1
20150908,UT,11.92,88.08,63.12,26.82,0.00,0.00,2015-09-08,2015-09-14,1
20150901,UT,11.92,88.08,63.12,26.82,0.00,0.00,2015-09-01,2015-09-07,1
20150825,UT,11.92,88.08,63.12,26.82,0.00,0.00,2015-08-25,2015-08-31,1
20150818,UT,11.92,88.08,63.12,26.82,0.00,0.00,2015-08-18,2015-08-24,1
20150811,UT,11.92,88.08,63.12,26.82,0.00,0.00,2015-08-11,2015-08-17,1
20150804,UT,11.92,88.08,65.03,26.82,0.00,0.00,2015-08-04,2015-08-10,1
20150728,UT,11.92,88.08,65.03,26.82,0.00,0.00,2015-07-28,2015-08-03,1
20150721,UT,11.92,88.08,65.03,26.82,0.00,0.00,2015-07-21,2015-07-27,1
20150714,UT,11.92,88.08,65.03,26.82,0.00,0.00,2015-07-14,2015-07-20,1
20150707,UT,10.07,89.93,65.03,26.82,0.00,0.00,2015-07-07,2015-07-13,1
20150630,UT,10.07,89.93,65.03,26.84,0.00,0.00,2015-06-30,2015-07-06,1
20150623,UT,10.07,89.93,65.03,26.84,0.00,0.00,2015-06-23,2015-06-29,1
20150616,UT,10.07,89.93,65.03,26.84,0.00,0.00,2015-06-16,2015-06-22,1
20150609,UT,0.00,100.00,69.53,31.23,0.00,0.00,2015-06-09,2015-06-15,1
20150602,UT,0.00,100.00,90.63,34.38,9.32,0.00,2015-06-02,2015-06-08,1
20150526,UT,0.00,100.00,90.63,34.38,9.32,0.00,2015-05-26,2015-06-01,1
20150519,UT,0.00,100.00,99.19,35.73,9.32,0.00,2015-05-19,2015-05-25,1
20150512,UT,0.00,100.00,99.19,45.74,9.99,0.00,2015-05-12,2015-05-18,1
20150505,UT,0.00,100.00,99.19,45.74,9.99,0.00,2015-05-05,2015-05-11,1
20150428,UT,0.00,100.00,99.19,45.74,9.99,0.00,2015-04-28,2015-05-04,1
20150421,UT,0.00,100.00,99.19,53.22,9.32,0.00,2015-04-21,2015-04-27,1
20150414,UT,0.00,100.00,99.19,53.22,9.32,0.00,2015-04-14,2015-04-20,1
20150407,UT,0.00,100.00,99.05,53.22,9.32,0.00,2015-04-07,2015-04-13,1
20150331,UT,0.00,100.00,99.05,51.83,9.32,0.00,2015-03-31,2015-04-06,1
20150324,UT,0.00,100.00,99.05,35.05,9.32,0.00,2015-03-24,2015-03-30,1
20150317,UT,0.00,100.00,95.11,18.68,1.88,0.00,2015-03-17,2015-03-23,1
20150310,UT,0.00,100.00,95.11,14.03,1.88,0.00,2015-03-10,2015-03-16,1
20150303,UT,0.00,100.00,95.07,13.02,1.88,0.00,2015-03-03,2015-03-09,1
20150224,UT,0.00,100.00,95.07,17.85,1.88,0.00,2015-02-24,2015-03-02,1
20150217,UT,4.39,95.61,85.71,12.54,0.00,0.00,2015-02-17,2015-02-23,1
20150210,UT,4.39,95.61,60.65,12.54,0.00,0.00,2015-02-10,2015-02-16,1
20150203,UT,6.82,93.18,60.65,12.51,0.00,0.00,2015-02-03,2015-02-09,1
20150127,UT,6.82,93.18,60.65,12.51,0.00,0.00,2015-01-27,2015-02-02,1
20150120,UT,18.90,81.10,59.09,12.51,0.00,0.00,2015-01-20,2015-01-26,1
20150113,UT,18.90,81.10,58.99,12.48,0.00,0.00,2015-01-13,2015-01-19,1
20150106,UT,18.90,81.10,58.99,12.48,0.00,0.00,2015-01-06,2015-01-12,1
20141230,UT,18.93,81.07,58.99,12.98,0.00,0.00,2014-12-30,2015-01-05,1
20141223,UT,18.93,81.07,58.99,12.98,0.00,0.00,2014-12-23,2014-12-29,1
20141216,UT,18.93,81.07,58.99,12.98,0.00,0.00,2014-12-16,2014-12-22,1
20141209,UT,18.93,81.07,58.99,12.98,0.00,0.00,2014-12-09,2014-12-15,1
20141202,UT,18.93,81.07,58.99,12.98,0.00,0.00,2014-12-02,2014-12-08,1
20141125,UT,18.93,81.07,58.99,12.98,0.00,0.00,2014-11-25,2014-12-01,1
20141118,UT,19.01,80.99,58.99,12.98,0.00,0.00,2014-11-18,2014-11-24,1
20141111,UT,19.01,80.99,58.99,12.98,0.00,0.00,2014-11-11,2014-11-17,1
20141104,UT,19.30,80.70,59.15,12.98,0.00,0.00,2014-11-04,2014-11-10,1
20141028,UT,19.31,80.69,59.15,12.98,0.00,0.00,2014-10-28,2014-11-03,1
20141021,UT,19.18,80.82,59.15,12.98,0.00,0.00,2014-10-21,2014-10-27,1
20141014,UT,19.18,80.82,59.15,12.98,0.00,0.00,2014-10-14,2014-10-20,1
20141007,UT,18.89,81.11,59.43,12.98,0.00,0.00,2014-10-07,2014-10-13,1
20140930,UT,18.89,81.11,59.30,12.98,0.00,0.00,2014-09-30,2014-10-06,1
20140923,UT,15.33,84.67,67.90,13.30,0.02,0.00,2014-09-23,2014-09-29,1
20140916,UT,11.55,88.45,68.34,16.17,0.03,0.00,2014-09-16,2014-09-22,1
20140909,UT,11.55,88.45,69.96,18.82,0.03,0.00,2014-09-09,2014-09-15,1
20140902,UT,11.55,88.45,70.01,18.82,0.03,0.00,2014-09-02,2014-09-08,1
20140826,UT,9.26,90.74,81.56,27.32,0.03,0.00,2014-08-26,2014-09-01,1
20140819,UT,9.26,90.74,81.92,30.78,1.43,0.00,2014-08-19,2014-08-25,1
20140812,UT,9.26,90.74,81.99,30.78,1.43,0.00,2014-08-12,2014-08-18,1
20140805,UT,9.08,90.92,76.28,29.45,1.43,0.00,2014-08-05,2014-08-11,1
20140729,UT,9.08,90.92,75.52,26.98,1.43,0.00,2014-07-29,2014-08-04,1
20140722,UT,9.08,90.92,75.38,26.98,1.43,0.00,2014-07-22,2014-07-28,1
20140715,UT,9.08,90.92,72.34,21.77,0.95,0.00,2014-07-15,2014-07-21,1
20140708,UT,9.08,90.92,72.34,21.77,0.95,0.00,2014-07-08,2014-07-14,1
20140701,UT,9.08,90.92,72.34,21.77,0.95,0.00,2014-07-01,2014-07-07,1
20140624,UT,9.08,90.92,72.34,21.77,0.00,0.00,2014-06-24,2014-06-30,1
20140617,UT,9.08,90.92,72.34,21.77,0.00,0.00,2014-06-17,2014-06-23,1
20140610,UT,9.08,90.92,72.34,21.87,0.00,0.00,2014-06-10,2014-06-16,1
20140603,UT,9.08,90.92,72.34,21.87,0.00,0.00,2014-06-03,2014-06-09,1
20140527,UT,9.04,90.96,72.34,21.87,0.00,0.00,2014-05-27,2014-06-02,1
20140520,UT,9.04,90.96,72.34,21.87,0.00,0.00,2014-05-20,2014-05-26,1
20140513,UT,9.04,90.96,72.34,21.87,0.00,0.00,2014-05-13,2014-05-19,1
20140506,UT,5.57,94.43,72.34,21.85,0.00,0.00,2014-05-06,2014-05-12,1
20140429,UT,5.57,94.43,72.34,21.94,0.00,0.00,2014-04-29,2014-05-05,1
20140422,UT,5.57,94.43,69.80,17.94,0.00,0.00,2014-04-22,2014-04-28,1
20140415,UT,5.57,94.43,69.80,17.94,0.00,0.00,2014-04-15,2014-04-21,1
20140408,UT,5.48,94.52,69.84,17.80,0.00,0.00,2014-04-08,2014-04-14,1
20140401,UT,0.55,99.45,64.82,16.36,0.00,0.00,2014-04-01,2014-04-07,1
20140325,UT,0.55,99.45,64.54,16.32,0.00,0.00,2014-03-25,2014-03-31,1
20140318,UT,0.55,99.45,59.23,16.32,0.00,0.00,2014-03-18,2014-03-24,1
20140311,UT,0.03,99.97,55.51,11.44,0.00,0.00,2014-03-11,2014-03-17,1
20140304,UT,0.05,99.95,55.51,11.44,0.00,0.00,2014-03-04,2014-03-10,1
20140225,UT,0.05,99.95,55.29,11.19,0.00,0.00,2014-02-25,2014-03-03,1
20140218,UT,0.05,99.95,54.85,11.19,0.00,0.00,2014-02-18,2014-02-24,1
20140211,UT,0.00,100.00,55.32,13.03,0.00,0.00,2014-02-11,2014-02-17,1
20140204,UT,0.00,100.00,58.10,14.10,0.00,0.00,2014-02-04,2014-02-10,1
20140128,UT,0.00,100.00,58.10,14.10,0.00,0.00,2014-01-28,2014-02-03,1
20140121,UT,0.00,100.00,58.18,14.10,0.00,0.00,2014-01-21,2014-01-27,1
20140114,UT,0.00,100.00,58.18,14.10,0.00,0.00,2014-01-14,2014-01-20,1
20140107,UT,0.00,100.00,58.37,14.10,0.00,0.00,2014-01-07,2014-01-13,1
20131231,UT,0.00,100.00,58.28,14.10,0.00,0.00,2013-12-31,2014-01-06,1
20131224,UT,0.00,100.00,58.28,14.10,0.00,0.00,2013-12-24,2013-12-30,1
20131217,UT,0.00,100.00,58.28,14.10,0.00,0.00,2013-12-17,2013-12-23,1
20131210,UT,0.00,100.00,58.28,14.10,0.00,0.00,2013-12-10,2013-12-16,1
20131203,UT,0.00,100.00,65.18,16.33,0.00,0.00,2013-12-03,2013-12-09,1
20131126,UT,0.00,100.00,65.18,16.33,0.00,0.00,2013-11-26,2013-12-02,1
20131119,UT,0.00,100.00,83.93,16.33,0.00,0.00,2013-11-19,2013-11-25,1
20131112,UT,0.00,100.00,81.82,16.33,0.00,0.00,2013-11-12,2013-11-18,1
20131105,UT,0.00,100.00,81.78,16.33,0.00,0.00,2013-11-05,2013-11-11,1
20131029,UT,0.00,100.00,86.71,16.33,0.00,0.00,2013-10-29,2013-11-04,1
20131022,UT,0.00,100.00,86.71,16.33,0.00,0.00,2013-10-22,2013-10-28,1
20131015,UT,0.00,100.00,86.63,16.33,0.00,0.00,2013-10-15,2013-10-21,1
20131008,UT,0.00,100.00,86.59,16.33,0.00,0.00,2013-10-08,2013-10-14,1
20131001,UT,0.00,100.00,86.59,16.33,0.00,0.00,2013-10-01,2013-10-07,1
20130924,UT,0.00,100.00,86.59,17.52,0.00,0.00,2013-09-24,2013-09-30,1
20130917,UT,0.00,100.00,92.81,18.25,0.00,0.00,2013-09-17,2013-09-23,1
20130910,UT,0.00,100.00,92.81,53.69,0.16,0.00,2013-09-10,2013-09-16,1
20130903,UT,0.00,100.00,92.81,53.81,5.16,0.00,2013-09-03,2013-09-09,1
20130827,UT,0.00,100.00,92.81,54.79,5.91,0.00,2013-08-27,2013-09-02,1
20130820,UT,0.00,100.00,92.81,54.81,5.91,0.00,2013-08-20,2013-08-26,1
20130813,UT,0.00,100.00,92.81,46.70,5.91,0.00,2013-08-13,2013-08-19,1
20130806,UT,0.00,100.00,92.81,46.70,5.91,0.00,2013-08-06,2013-08-12,1
20130730,UT,0.00,100.00,92.81,43.00,7.54,0.00,2013-07-30,2013-08-05,1
20130723,UT,0.00,100.00,92.81,41.74,7.54,0.00,2013-07-23,2013-07-29,1
20130716,UT,0.00,100.00,99.03,48.27,7.54,0.00,2013-07-16,2013-07-22,1
20130709,UT,0.00,100.00,99.03,48.22,7.54,0.00,2013-07-09,2013-07-15,1
20130702,UT,0.00,100.00,99.99,48.22,7.54,0.00,2013-07-02,2013-07-08,1
20130625,UT,0.00,100.00,99.99,48.10,5.41,0.00,2013-06-25,2013-07-01,1
20130618,UT,0.00,100.00,99.99,48.04,5.29,0.00,2013-06-18,2013-06-24,1
20130611,UT,0.00,100.00,99.99,47.53,0.81,0.00,2013-06-11,2013-06-17,1
20130604,UT,0.00,100.00,99.60,47.83,0.81,0.00,2013-06-04,2013-06-10,1
20130528,UT,0.00,100.00,99.46,50.24,1.53,0.00,2013-05-28,2013-06-03,1
20130521,UT,0.00,100.00,99.46,50.24,1.53,0.00,2013-05-21,2013-05-27,1
20130514,UT,0.00,100.00,99.46,47.09,1.53,0.00,2013-05-14,2013-05-20,1
20130507,UT,0.00,100.00,96.29,51.39,1.53,0.00,2013-05-07,2013-05-13,1
20130430,UT,0.00,100.00,96.29,51.39,1.53,0.00,2013-04-30,2013-05-06,1
20130423,UT,0.00,100.00,96.29,49.42,1.53,0.00,2013-04-23,2013-04-29,1
20130416,UT,0.00,100.00,96.27,44.29,1.53,0.00,2013-04-16,2013-04-22,1
20130409,UT,0.00,100.00,96.27,44.29,1.53,0.00,2013-04-09,2013-04-15,1
20130402,UT,0.00,100.00,96.27,46.36,1.53,0.00,2013-04-02,2013-04-08,1
20130326,UT,0.00,100.00,96.27,46.36,1.53,0.00,2013-03-26,2013-04-01,1
20130319,UT,0.00,100.00,96.27,46.36,1.53,0.00,2013-03-19,2013-03-25,1
20130312,UT,0.00,100.00,96.27,46.36,1.53,0.00,2013-03-12,2013-03-18,1
20130305,UT,0.00,100.00,96.26,51.59,1.53,0.00,2013-03-05,2013-03-11,1
20130226,UT,0.00,100.00,99.89,55.35,2.05,0.00,2013-02-26,2013-03-04,1
20130219,UT,0.00,100.00,99.90,55.35,2.05,0.00,2013-02-19,2013-02-25,1
20130212,UT,0.00,100.00,99.90,55.35,2.02,0.00,2013-02-12,2013-02-18,1
20130205,UT,0.00,100.00,99.90,63.96,9.74,0.00,2013-02-05,2013-02-11,1
20130129,UT,0.00,100.00,99.90,63.96,13.95,0.00,2013-01-29,2013-02-04,1
20130122,UT,0.00,100.00,99.91,63.96,13.95,0.00,2013-01-22,2013-01-28,1
20130115,UT,0.00,100.00,99.91,63.96,13.95,0.00,2013-01-15,2013-01-21,1
20130108,UT,0.00,100.00,99.91,64.02,13.89,0.00,2013-01-08,2013-01-14,1
20130101,UT,0.00,100.00,99.99,66.47,21.34,0.00,2013-01-01,2013-01-07,1
20121225,UT,0.00,100.00,99.99,72.12,26.81,0.00,2012-12-25,2012-12-31,1
20121218,UT,0.00,100.00,99.99,72.12,26.81,0.00,2012-12-18,2012-12-24,1
20121211,UT,0.00,100.00,99.99,72.12,26.99,0.00,2012-12-11,2012-12-17,1
20121204,UT,0.00,100.00,99.99,67.05,26.99,0.00,2012-12-04,2012-12-10,1
20121127,UT,0.00,100.00,99.99,67.05,26.99,0.00,2012-11-27,2012-12-03,1
20121120,UT,0.00,100.00,99.99,67.05,26.99,0.00,2012-11-20,2012-11-26,1
20121113,UT,0.00,100.00,99.99,67.05,26.99,0.00,2012-11-13,2012-11-19,1
20121106,UT,0.00,100.00,99.99,79.44,32.39,0.00,2012-11-06,2012-11-12,1
20121030,UT,0.00,100.00,99.99,79.44,32.39,0.00,2012-10-30,2012-11-05,1
20121023,UT,0.00,100.00,99.99,79.44,32.40,0.00,2012-10-23,2012-10-29,1
20121016,UT,0.00,100.00,99.99,79.51,22.53,0.00,2012-10-16,2012-10-22,1
20121009,UT,0.00,100.00,100.00,82.36,22.53,0.00,2012-10-09,2012-10-15,1
20121002,UT,0.00,100.00,100.00,82.36,22.53,0.00,2012-10-02,2012-10-08,1
20120925,UT,0.00,100.00,100.00,83.18,22.53,0.00,2012-09-25,2012-10-01,1
20120918,UT,0.00,100.00,100.00,83.18,22.53,0.00,2012-09-18,2012-09-24,1
20120911,UT,0.00,100.00,100.00,85.94,22.53,0.00,2012-09-11,2012-09-17,1
20120904,UT,0.00,100.00,100.00,87.28,22.53,0.00,2012-09-04,2012-09-10,1
20120828,UT,0.00,100.00,100.00,87.68,29.77,0.00,2012-08-28,2012-09-03,1
20120821,UT,0.00,100.00,100.00,87.19,29.48,0.00,2012-08-21,2012-08-27,1
20120814,UT,0.00,100.00,98.48,72.43,29.52,0.00,2012-08-14,2012-08-20,1
20120807,UT,0.00,100.00,98.52,72.43,29.39,0.00,2012-08-07,2012-08-13,1
20120731,UT,0.00,100.00,98.52,72.47,29.76,0.00,2012-07-31,2012-08-06,1
20120724,UT,0.00,100.00,98.52,72.47,31.49,0.00,2012-07-24,2012-07-30,1
20120717,UT,0.00,100.00,98.52,72.47,31.49,0.00,2012-07-17,2012-07-23,1
20120710,UT,0.00,100.00,89.12,72.47,31.49,0.00,2012-07-10,2012-07-16,1
20120703,UT,0.00,100.00,88.90,69.56,26.93,0.00,2012-07-03,2012-07-09,1
20120626,UT,0.00,100.00,88.04,69.58,26.93,0.00,2012-06-26,2012-07-02,1
20120619,UT,1.05,98.95,87.98,50.36,3.76,0.00,2012-06-19,2012-06-25,1
20120612,UT,1.05,98.95,85.56,43.27,2.26,0.00,2012-06-12,2012-06-18,1
20120605,UT,1.05,98.95,85.57,41.24,0.00,0.00,2012-06-05,2012-06-11,1
20120529,UT,1.05,98.95,85.57,41.24,0.00,0.00,2012-05-29,2012-06-04,1
20120522,UT,1.05,98.95,85.86,41.21,0.00,0.00,2012-05-22,2012-05-28,1
20120515,UT,1.05,98.95,85.80,26.44,0.00,0.00,2012-05-15,2012-05-21,1
20120508,UT,1.05,98.95,85.80,26.33,0.00,0.00,2012-05-08,2012-05-14,1
20120501,UT,1.05,98.95,84.22,23.64,0.00,0.00,2012-05-01,2012-05-07,1
20120424,UT,1.05,98.95,62.76,28.76,0.00,0.00,2012-04-24,2012-04-30,1
20120417,UT,0.99,99.01,56.15,15.09,0.00,0.00,2012-04-17,2012-04-23,1
20120410,UT,0.99,99.01,55.89,0.00,0.00,0.00,2012-04-10,2012-04-16,1
20120403,UT,11.87,88.13,55.89,0.00,0.00,0.00,2012-04-03,2012-04-09,1
20120327,UT,13.25,86.75,41.19,0.00,0.00,0.00,2012-03-27,2012-04-02,1
20120320,UT,13.24,86.76,41.19,0.00,0.00,0.00,2012-03-20,2012-03-26,1
20120313,UT,12.73,87.27,41.23,7.03,0.00,0.00,2012-03-13,2012-03-19,1
20120306,UT,12.73,87.27,40.89,7.03,0.00,0.00,2012-03-06,2012-03-12,1
20120228,UT,12.80,87.20,40.89,4.46,0.00,0.00,2012-02-28,2012-03-05,1
20120221,UT,12.80,87.20,37.08,0.00,0.00,0.00,2012-02-21,2012-02-27,1
20120214,UT,12.75,87.25,35.39,0.00,0.00,0.00,2012-02-14,2012-02-20,1
20120207,UT,12.75,87.25,35.17,0.00,0.00,0.00,2012-02-07,2012-02-13,1
20120131,UT,12.75,87.25,35.17,0.00,0.00,0.00,2012-01-31,2012-02-06,1
20120124,UT,12.32,87.68,34.13,0.00,0.00,0.00,2012-01-24,2012-01-30,1
20120117,UT,32.97,67.03,0.32,0.00,0.00,0.00,2012-01-17,2012-01-23,1
20120110,UT,34.11,65.89,0.32,0.00,0.00,0.00,2012-01-10,2012-01-16,1
20120103,UT,88.71,11.29,0.32,0.00,0.00,0.00,2012-01-03,2012-01-09,1
20111227,UT,92.53,7.47,0.32,0.00,0.00,0.00,2011-12-27,2012-01-02,1
20111220,UT,93.37,6.63,0.32,0.00,0.00,0.00,2011-12-20,2011-12-26,1
20111213,UT,93.37,6.63,0.32,0.00,0.00,0.00,2011-12-13,2011-12-19,1
20111206,UT,93.37,6.63,0.32,0.00,0.00,0.00,2011-12-06,2011-12-12,1
20111129,UT,93.37,6.63,0.32,0.00,0.00,0.00,2011-11-29,2011-12-05,1
20111122,UT,93.37,6.63,0.32,0.00,0.00,0.00,2011-11-22,2011-11-28,1
20111115,UT,93.37,6.63,0.32,0.00,0.00,0.00,2011-11-15,2011-11-21,1
20111108,UT,93.41,6.59,0.36,0.00,0.00,0.00,2011-11-08,2011-11-14,1
20111101,UT,93.41,6.59,0.36,0.00,0.00,0.00,2011-11-01,2011-11-07,1
20111025,UT,93.18,6.82,0.32,0.00,0.00,0.00,2011-10-25,2011-10-31,1
20111018,UT,93.18,6.82,0.32,0.00,0.00,0.00,2011-10-18,2011-10-24,1
20111011,UT,93.18,6.82,0.32,0.00,0.00,0.00,2011-10-11,2011-10-17,1
20111004,UT,92.97,7.03,0.32,0.00,0.00,0.00,2011-10-04,2011-10-10,1
20110927,UT,92.95,7.05,0.32,0.00,0.00,0.00,2011-09-27,2011-10-03,1
20110920,UT,92.95,7.05,0.32,0.00,0.00,0.00,2011-09-20,2011-09-26,1
20110913,UT,91.33,8.67,1.70,0.00,0.00,0.00,2011-09-13,2011-09-19,1
20110906,UT,91.28,8.72,1.70,0.00,0.00,0.00,2011-09-06,2011-09-12,1
20110830,UT,93.53,6.47,1.71,0.00,0.00,0.00,2011-08-30,2011-09-05,1
20110823,UT,93.53,6.47,1.71,0.00,0.00,0.00,2011-08-23,2011-08-29,1
20110816,UT,93.53,6.47,1.71,0.00,0.00,0.00,2011-08-16,2011-08-22,1
20110809,UT,93.53,6.47,1.71,0.00,0.00,0.00,2011-08-09,2011-08-15,1
20110802,UT,93.53,6.47,1.71,0.00,0.00,0.00,2011-08-02,2011-08-08,1
20110726,UT,93.53,6.47,1.71,0.00,0.00,0.00,2011-07-26,2011-08-01,1
20110719,UT,93.53,6.47,1.71,0.00,0.00,0.00,2011-07-19,2011-07-25,1
20110712,UT,93.53,6.47,1.71,0.00,0.00,0.00,2011-07-12,2011-07-18,1
20110705,UT,93.22,6.78,1.71,0.00,0.00,0.00,2011-07-05,2011-07-11,1
20110628,UT,92.64,7.36,1.71,0.00,0.00,0.00,2011-06-28,2011-07-04,1
20110621,UT,96.71,3.29,1.32,0.00,0.00,0.00,2011-06-21,2011-06-27,1
20110614,UT,96.71,3.29,1.32,0.00,0.00,0.00,2011-06-14,2011-06-20,1
20110607,UT,96.71,3.29,1.32,0.00,0.00,0.00,2011-06-07,2011-06-13,1
20110531,UT,96.71,3.29,1.32,0.00,0.00,0.00,2011-05-31,2011-06-06,1
20110524,UT,96.72,3.28,1.35,0.00,0.00,0.00,2011-05-24,2011-05-30,1
20110517,UT,96.54,3.46,1.58,0.00,0.00,0.00,2011-05-17,2011-05-23,1
20110510,UT,96.54,3.46,0.00,0.00,0.00,0.00,2011-05-10,2011-05-16,1
20110503,UT,96.96,3.04,0.00,0.00,0.00,0.00,2011-05-03,2011-05-09,1
20110426,UT,96.96,3.04,0.00,0.00,0.00,0.00,2011-04-26,2011-05-02,1
20110419,UT,96.96,3.04,0.00,0.00,0.00,0.00,2011-04-19,2011-04-25,1
20110412,UT,96.96,3.04,0.00,0.00,0.00,0.00,2011-04-12,2011-04-18,1
20110405,UT,96.96,3.04,0.00,0.00,0.00,0.00,2011-04-05,2011-04-11,1
20110329,UT,96.80,3.20,0.00,0.00,0.00,0.00,2011-03-29,2011-04-04,1
20110322,UT,96.92,3.08,0.00,0.00,0.00,0.00,2011-03-22,2011-03-28,1
20110315,UT,96.92,3.08,0.00,0.00,0.00,0.00,2011-03-15,2011-03-21,1
20110308,UT,99.30,0.70,0.00,0.00,0.00,0.00,2011-03-08,2011-03-14,1
20110301,UT,99.30,0.70,0.00,0.00,0.00,0.00,2011-03-01,2011-03-07,1
20110222,UT,99.30,0.70,0.00,0.00,0.00,0.00,2011-02-22,2011-02-28,1
20110215,UT,99.30,0.70,0.00,0.00,0.00,0.00,2011-02-15,2011-02-21,1
20110208,UT,95.32,4.68,0.00,0.00,0.00,0.00,2011-02-08,2011-02-14,1
20110201,UT,100.00,0.00,0.00,0.00,0.00,0.00,2011-02-01,2011-02-07,1
20110125,UT,100.00,0.00,0.00,0.00,0.00,0.00,2011-01-25,2011-01-31,1
20110118,UT,100.00,0.00,0.00,0.00,0.00,0.00,2011-01-18,2011-01-24,1
20110111,UT,100.00,0.00,0.00,0.00,0.00,0.00,2011-01-11,2011-01-17,1
20110104,UT,99.54,0.46,0.00,0.00,0.00,0.00,2011-01-04,2011-01-10,1
20101228,UT,97.39,2.61,0.00,0.00,0.00,0.00,2010-12-28,2011-01-03,1
20101221,UT,96.00,4.00,0.00,0.00,0.00,0.00,2010-12-21,2010-12-27,1
20101214,UT,94.95,5.05,0.00,0.00,0.00,0.00,2010-12-14,2010-12-20,1
20101207,UT,86.98,13.02,0.00,0.00,0.00,0.00,2010-12-07,2010-12-13,1
20101130,UT,85.75,14.25,0.00,0.00,0.00,0.00,2010-11-30,2010-12-06,1
20101123,UT,82.64,17.36,0.00,0.00,0.00,0.00,2010-11-23,2010-11-29,1
20101116,UT,81.92,18.08,0.00,0.00,0.00,0.00,2010-11-16,2010-11-22,1
20101109,UT,81.12,18.88,0.00,0.00,0.00,0.00,2010-11-09,2010-11-15,1
20101102,UT,81.12,18.88,0.00,0.00,0.00,0.00,2010-11-02,2010-11-08,1
20101026,UT,81.12,18.88,0.00,0.00,0.00,0.00,2010-10-26,2010-11-01,1
20101019,UT,60.44,39.56,3.63,0.00,0.00,0.00,2010-10-19,2010-10-25,1
20101012,UT,60.44,39.56,3.63,0.00,0.00,0.00,2010-10-12,2010-10-18,1
20101005,UT,60.44,39.56,3.63,0.00,0.00,0.00,2010-10-05,2010-10-11,1
20100928,UT,60.44,39.56,3.63,0.00,0.00,0.00,2010-09-28,2010-10-04,1
20100921,UT,76.72,23.28,0.47,0.00,0.00,0.00,2010-09-21,2010-09-27,1
20100914,UT,76.72,23.28,0.47,0.00,0.00,0.00,2010-09-14,2010-09-20,1
20100907,UT,76.72,23.28,0.47,0.00,0.00,0.00,2010-09-07,2010-09-13,1
20100831,UT,76.72,23.28,0.47,0.00,0.00,0.00,2010-08-31,2010-09-06,1
20100824,UT,76.72,23.28,0.47,0.00,0.00,0.00,2010-08-24,2010-08-30,1
20100817,UT,76.72,23.28,0.47,0.00,0.00,0.00,2010-08-17,2010-08-23,1
20100810,UT,76.70,23.30,0.47,0.00,0.00,0.00,2010-08-10,2010-08-16,1
20100803,UT,76.70,23.30,1.19,0.00,0.00,0.00,2010-08-03,2010-08-09,1
20100727,UT,74.83,25.17,1.54,0.00,0.00,0.00,2010-07-27,2010-08-02,1
20100720,UT,81.43,18.57,0.06,0.00,0.00,0.00,2010-07-20,2010-07-26,1
20100713,UT,86.93,13.07,0.00,0.00,0.00,0.00,2010-07-13,2010-07-19,1
20100706,UT,86.93,13.07,0.00,0.00,0.00,0.00,2010-07-06,2010-07-12,1
20100629,UT,68.88,31.12,1.03,0.00,0.00,0.00,2010-06-29,2010-07-05,1
20100622,UT,68.88,31.12,1.03,0.00,0.00,0.00,2010-06-22,2010-06-28,1
20100615,UT,68.88,31.12,1.03,0.00,0.00,0.00,2010-06-15,2010-06-21,1
20100608,UT,68.88,31.12,3.43,0.00,0.00,0.00,2010-06-08,2010-06-14,1
20100601,UT,44.81,55.19,1.50,0.00,0.00,0.00,2010-06-01,2010-06-07,1
20100525,UT,44.81,55.19,1.50,0.00,0.00,0.00,2010-05-25,2010-05-31,1
20100518,UT,43.90,56.10,3.99,0.03,0.00,0.00,2010-05-18,2010-05-24,1
20100511,UT,42.10,57.90,3.99,0.03,0.00,0.00,2010-05-11,2010-05-17,1
20100504,UT,42.11,57.89,3.99,0.03,0.00,0.00,2010-05-04,2010-05-10,1
20100427,UT,42.11,57.89,3.99,0.03,0.00,0.00,2010-04-27,2010-05-03,1
20100420,UT,42.11,57.89,3.99,0.03,0.00,0.00,2010-04-20,2010-04-26,1
20100413,UT,42.03,57.97,3.99,0.03,0.00,0.00,2010-04-13,2010-04-19,1
20100406,UT,39.28,60.72,3.99,0.03,0.00,0.00,2010-04-06,2010-04-12,1
20100330,UT,39.28,60.72,3.99,0.03,0.00,0.00,2010-03-30,2010-04-05,1
20100323,UT,39.14,60.86,4.22,0.03,0.00,0.00,2010-03-23,2010-03-29,1
20100316,UT,21.17,78.83,5.21,0.03,0.00,0.00,2010-03-16,2010-03-22,1
20100309,UT,6.52,93.48,11.64,0.19,0.00,0.00,2010-03-09,2010-03-15,1
20100302,UT,6.42,93.58,11.64,0.26,0.00,0.00,2010-03-02,2010-03-08,1
20100223,UT,6.42,93.58,11.64,0.26,0.00,0.00,2010-02-23,2010-03-01,1
20100216,UT,5.45,94.55,12.30,0.26,0.00,0.00,2010-02-16,2010-02-22,1
20100209,UT,5.47,94.53,12.30,0.26,0.00,0.00,2010-02-09,2010-02-15,1
20100202,UT,5.47,94.53,12.65,0.26,0.00,0.00,2010-02-02,2010-02-08,1
20100126,UT,5.48,94.52,12.65,0.69,0.00,0.00,2010-01-26,2010-02-01,1
20100119,UT,5.48,94.52,27.90,5.22,0.00,0.00,2010-01-19,2010-01-25,1
20100112,UT,5.48,94.52,21.53,5.22,0.00,0.00,2010-01-12,2010-01-18,1
20100105,UT,29.18,70.82,18.83,3.16,0.00,0.00,2010-01-05,2010-01-11,1
20091229,UT,34.65,65.35,18.83,3.18,0.00,0.00,2009-12-29,2010-01-04,1
20091222,UT,34.74,65.26,18.83,3.18,0.00,0.00,2009-12-22,2009-12-28,1
20091215,UT,34.74,65.26,18.83,3.18,0.00,0.00,2009-12-15,2009-12-21,1
20091208,UT,34.74,65.26,18.83,3.18,0.00,0.00,2009-12-08,2009-12-14,1
20091201,UT,34.72,65.28,18.83,3.18,0.00,0.00,2009-12-01,2009-12-07,1
20091124,UT,34.72,65.28,18.65,3.18,0.00,0.00,2009-11-24,2009-11-30,1
20091117,UT,50.03,49.97,10.34,1.29,0.00,0.00,2009-11-17,2009-11-23,1
20091110,UT,50.03,49.97,10.31,1.29,0.00,0.00,2009-11-10,2009-11-16,1
20091103,UT,69.34,30.66,5.51,1.29,0.00,0.00,2009-11-03,2009-11-09,1
20091027,UT,69.34,30.66,5.51,1.29,0.00,0.00,2009-10-27,2009-11-02,1
20091020,UT,69.34,30.66,5.51,1.35,0.00,0.00,2009-10-20,2009-10-26,1
20091013,UT,69.34,30.66,5.51,1.35,0.00,0.00,2009-10-13,2009-10-19,1
20091006,UT,69.34,30.66,3.58,0.00,0.00,0.00,2009-10-06,2009-10-12,1
20090929,UT,69.34,30.66,3.56,0.00,0.00,0.00,2009-09-29,2009-10-05,1
20090922,UT,69.34,30.66,0.01,0.00,0.00,0.00,2009-09-22,2009-09-28,1
20090915,UT,69.74,30.26,0.00,0.00,0.00,0.00,2009-09-15,2009-09-21,1
20090908,UT,54.45,45.55,2.33,0.00,0.00,0.00,2009-09-08,2009-09-14,1
20090901,UT,55.20,44.80,0.00,0.00,0.00,0.00,2009-09-01,2009-09-07,1
20090825,UT,83.85,16.15,0.00,0.00,0.00,0.00,2009-08-25,2009-08-31,1
20090818,UT,97.24,2.76,0.00,0.00,0.00,0.00,2009-08-18,2009-08-24,1
20090811,UT,97.24,2.76,0.00,0.00,0.00,0.00,2009-08-11,2009-08-17,1
20090804,UT,97.22,2.78,0.00,0.00,0.00,0.00,2009-08-04,2009-08-10,1
20090728,UT,97.99,2.01,0.00,0.00,0.00,0.00,2009-07-28,2009-08-03,1
20090721,UT,97.99,2.01,0.00,0.00,0.00,0.00,2009-07-21,2009-07-27,1
20090714,UT,97.99,2.01,0.00,0.00,0.00,0.00,2009-07-14,2009-07-20,1
20090707,UT,97.99,2.01,0.00,0.00,0.00,0.00,2009-07-07,2009-07-13,1
20090630,UT,97.99,2.01,0.00,0.00,0.00,0.00,2009-06-30,2009-07-06,1
20090623,UT,97.99,2.01,0.00,0.00,0.00,0.00,2009-06-23,2009-06-29,1
20090616,UT,96.66,3.34,0.00,0.00,0.00,0.00,2009-06-16,2009-06-22,1
20090609,UT,96.30,3.70,0.39,0.00,0.00,0.00,2009-06-09,2009-06-15,1
20090602,UT,95.61,4.39,0.57,0.00,0.00,0.00,2009-06-02,2009-06-08,1
20090526,UT,95.56,4.44,0.57,0.00,0.00,0.00,2009-05-26,2009-06-01,1
20090519,UT,68.54,31.46,0.57,0.00,0.00,0.00,2009-05-19,2009-05-25,1
20090512,UT,71.73,28.27,0.57,0.00,0.00,0.00,2009-05-12,2009-05-18,1
20090505,UT,66.50,33.50,0.14,0.00,0.00,0.00,2009-05-05,2009-05-11,1
20090428,UT,52.43,47.57,1.11,0.00,0.00,0.00,2009-04-28,2009-05-04,1
20090421,UT,42.97,57.03,10.59,0.00,0.00,0.00,2009-04-21,2009-04-27,1
20090414,UT,40.18,59.82,13.32,0.00,0.00,0.00,2009-04-14,2009-04-20,1
20090407,UT,42.78,57.22,13.32,0.00,0.00,0.00,2009-04-07,2009-04-13,1
20090331,UT,41.83,58.17,12.01,0.00,0.00,0.00,2009-03-31,2009-04-06,1
20090324,UT,41.83,58.17,12.01,0.00,0.00,0.00,2009-03-24,2009-03-30,1
20090317,UT,55.66,44.34,12.01,0.00,0.00,0.00,2009-03-17,2009-03-23,1
20090310,UT,55.66,44.34,12.01,0.00,0.00,0.00,2009-03-10,2009-03-16,1
20090303,UT,55.66,44.34,15.39,0.00,0.00,0.00,2009-03-03,2009-03-09,1
20090224,UT,55.66,44.34,15.39,0.00,0.00,0.00,2009-02-24,2009-03-02,1
20090217,UT,55.66,44.34,15.39,2.05,0.00,0.00,2009-02-17,2009-02-23,1
20090210,UT,53.11,46.89,20.80,2.05,0.00,0.00,2009-02-10,2009-02-16,1
20090203,UT,53.11,46.89,20.86,2.05,0.00,0.00,2009-02-03,2009-02-09,1
20090127,UT,53.18,46.82,20.86,2.05,0.00,0.00,2009-01-27,2009-02-02,1
20090120,UT,53.38,46.62,20.86,2.05,0.00,0.00,2009-01-20,2009-01-26,1
20090113,UT,53.38,46.62,20.86,2.05,0.00,0.00,2009-01-13,2009-01-19,1
20090106,UT,53.38,46.62,20.86,2.05,0.00,0.00,2009-01-06,2009-01-12,1
20081230,UT,53.28,46.72,20.86,2.05,0.00,0.00,2008-12-30,2009-01-05,1
20081223,UT,41.74,58.26,20.86,2.05,0.00,0.00,2008-12-23,2008-12-29,1
20081216,UT,41.74,58.26,20.86,2.05,0.00,0.00,2008-12-16,2008-12-22,1
20081209,UT,41.74,58.26,20.86,2.05,0.00,0.00,2008-12-09,2008-12-15,1
20081202,UT,41.74,58.26,20.86,2.05,0.00,0.00,2008-12-02,2008-12-08,1
20081125,UT,41.74,58.26,20.86,2.05,0.00,0.00,2008-11-25,2008-12-01,1
20081118,UT,41.74,58.26,20.86,2.05,0.00,0.00,2008-11-18,2008-11-24,1
20081111,UT,53.17,46.83,20.86,2.05,0.00,0.00,2008-11-11,2008-11-17,1
20081104,UT,53.84,46.16,20.86,2.05,0.00,0.00,2008-11-04,2008-11-10,1
20081028,UT,53.84,46.16,20.86,2.05,0.00,0.00,2008-10-28,2008-11-03,1
20081021,UT,53.92,46.08,20.80,2.08,0.00,0.00,2008-10-21,2008-10-27,1
20081014,UT,60.10,39.90,12.11,0.00,0.00,0.00,2008-10-14,2008-10-20,1
20081007,UT,60.06,39.94,11.91,0.00,0.00,0.00,2008-10-07,2008-10-13,1
20080930,UT,60.06,39.94,12.50,0.00,0.00,0.00,2008-09-30,2008-10-06,1
20080923,UT,60.06,39.94,12.50,0.00,0.00,0.00,2008-09-23,2008-09-29,1
20080916,UT,60.06,39.94,12.26,0.00,0.00,0.00,2008-09-16,2008-09-22,1
20080909,UT,63.02,36.98,12.26,0.00,0.00,0.00,2008-09-09,2008-09-15,1
20080902,UT,63.02,36.98,12.26,0.00,0.00,0.00,2008-09-02,2008-09-08,1
20080826,UT,70.41,29.59,1.30,0.00,0.00,0.00,2008-08-26,2008-09-01,1
20080819,UT,70.41,29.59,1.30,0.00,0.00,0.00,2008-08-19,2008-08-25,1
20080812,UT,70.33,29.67,1.30,0.00,0.00,0.00,2008-08-12,2008-08-18,1
20080805,UT,70.66,29.34,1.30,0.00,0.00,0.00,2008-08-05,2008-08-11,1
20080729,UT,73.86,26.14,1.30,0.00,0.00,0.00,2008-07-29,2008-08-04,1
20080722,UT,73.86,26.14,0.31,0.00,0.00,0.00,2008-07-22,2008-07-28,1
20080715,UT,73.86,26.14,0.31,0.00,0.00,0.00,2008-07-15,2008-07-21,1
20080708,UT,72.53,27.47,4.90,0.00,0.00,0.00,2008-07-08,2008-07-14,1
20080701,UT,72.53,27.47,4.90,0.00,0.00,0.00,2008-07-01,2008-07-07,1
20080624,UT,72.53,27.47,10.35,0.00,0.00,0.00,2008-06-24,2008-06-30,1
20080617,UT,72.53,27.47,10.28,0.00,0.00,0.00,2008-06-17,2008-06-23,1
20080610,UT,72.53,27.47,4.87,0.00,0.00,0.00,2008-06-10,2008-06-16,1
20080603,UT,72.44,27.56,4.87,0.00,0.00,0.00,2008-06-03,2008-06-09,1
20080527,UT,72.44,27.56,4.87,0.00,0.00,0.00,2008-05-27,2008-06-02,1
20080520,UT,61.60,38.40,6.86,0.00,0.00,0.00,2008-05-20,2008-05-26,1
20080513,UT,61.58,38.42,6.86,0.00,0.00,0.00,2008-05-13,2008-05-19,1
20080506,UT,61.58,38.42,6.86,0.00,0.00,0.00,2008-05-06,2008-05-12,1
20080429,UT,65.41,34.59,8.45,0.00,0.00,0.00,2008-04-29,2008-05-05,1
20080422,UT,66.41,33.59,8.45,0.00,0.00,0.00,2008-04-22,2008-04-28,1
20080415,UT,66.41,33.59,8.45,3.54,0.00,0.00,2008-04-15,2008-04-21,1
20080408,UT,66.03,33.97,8.45,3.54,0.00,0.00,2008-04-08,2008-04-14,1
20080401,UT,50.34,49.66,27.34,15.06,0.00,0.00,2008-04-01,2008-04-07,1
20080325,UT,44.52,55.48,24.16,16.06,0.00,0.00,2008-03-25,2008-03-31,1
20080318,UT,44.52,55.48,24.16,16.06,0.00,0.00,2008-03-18,2008-03-24,1
20080311,UT,44.52,55.48,24.16,16.06,0.00,0.00,2008-03-11,2008-03-17,1
20080304,UT,44.52,55.48,24.16,16.06,0.00,0.00,2008-03-04,2008-03-10,1
20080226,UT,4.44,95.56,47.69,20.44,0.00,0.00,2008-02-26,2008-03-03,1
20080219,UT,4.44,95.56,47.69,20.44,0.00,0.00,2008-02-19,2008-02-25,1
20080212,UT,4.44,95.56,47.69,20.44,0.00,0.00,2008-02-12,2008-02-18,1
20080205,UT,4.44,95.56,82.45,28.10,0.00,0.00,2008-02-05,2008-02-11,1
20080129,UT,4.20,95.80,82.45,28.72,0.00,0.00,2008-01-29,2008-02-04,1
20080122,UT,4.20,95.80,84.77,36.34,0.00,0.00,2008-01-22,2008-01-28,1
20080115,UT,4.20,95.80,84.88,36.34,0.00,0.00,2008-01-15,2008-01-21,1
20080108,UT,4.20,95.80,84.88,36.34,0.00,0.00,2008-01-08,2008-01-14,1
20080101,UT,4.15,95.85,89.05,56.35,0.00,0.00,2008-01-01,2008-01-07,1
20071225,UT,4.15,95.85,89.05,56.35,0.00,0.00,2007-12-25,2007-12-31,1
20071218,UT,4.15,95.85,89.05,56.35,0.00,0.00,2007-12-18,2007-12-24,1
20071211,UT,4.15,95.85,88.79,56.35,0.00,0.00,2007-12-11,2007-12-17,1
20071204,UT,4.15,95.85,88.79,56.35,0.00,0.00,2007-12-04,2007-12-10,1
20071127,UT,2.34,97.66,91.55,60.28,0.00,0.00,2007-11-27,2007-12-03,1
20071120,UT,2.34,97.66,91.55,60.28,0.00,0.00,2007-11-20,2007-11-26,1
20071113,UT,2.34,97.66,91.55,60.28,0.00,0.00,2007-11-13,2007-11-19,1
20071106,UT,2.46,97.54,91.55,59.39,0.00,0.00,2007-11-06,2007-11-12,1
20071030,UT,2.46,97.54,91.55,59.39,0.00,0.00,2007-10-30,2007-11-05,1
20071023,UT,2.46,97.54,91.55,59.39,0.00,0.00,2007-10-23,2007-10-29,1
20071016,UT,2.46,97.54,91.55,59.39,0.00,0.00,2007-10-16,2007-10-22,1
20071009,UT,2.46,97.54,91.55,59.39,0.00,0.00,2007-10-09,2007-10-15,1
20071002,UT,2.46,97.54,91.55,59.39,0.00,0.00,2007-10-02,2007-10-08,1
20070925,UT,0.00,100.00,97.09,60.08,0.00,0.00,2007-09-25,2007-10-01,1
20070918,UT,0.00,100.00,100.00,95.12,0.00,0.00,2007-09-18,2007-09-24,1
20070911,UT,0.00,100.00,100.00,95.12,0.00,0.00,2007-09-11,2007-09-17,1
20070904,UT,0.00,100.00,100.00,95.12,0.00,0.00,2007-09-04,2007-09-10,1
20070828,UT,0.00,100.00,100.00,95.12,0.00,0.00,2007-08-28,2007-09-03,1
20070821,UT,0.00,100.00,100.00,95.12,0.00,0.00,2007-08-21,2007-08-27,1
20070814,UT,0.00,100.00,100.00,95.12,0.00,0.00,2007-08-14,2007-08-20,1
20070807,UT,0.00,100.00,100.00,95.12,0.00,0.00,2007-08-07,2007-08-13,1
20070731,UT,0.00,100.00,100.00,98.45,0.00,0.00,2007-07-31,2007-08-06,1
20070724,UT,0.00,100.00,100.00,85.97,0.00,0.00,2007-07-24,2007-07-30,1
20070717,UT,0.00,100.00,100.00,18.28,0.00,0.00,2007-07-17,2007-07-23,1
20070710,UT,0.00,100.00,100.00,18.28,0.00,0.00,2007-07-10,2007-07-16,1
20070703,UT,0.00,100.00,100.00,11.87,0.00,0.00,2007-07-03,2007-07-09,1
20070626,UT,0.00,100.00,100.00,11.87,0.00,0.00,2007-06-26,2007-07-02,1
20070619,UT,0.00,100.00,100.00,11.87,0.00,0.00,2007-06-19,2007-06-25,1
20070612,UT,0.00,100.00,100.00,11.87,0.00,0.00,2007-06-12,2007-06-18,1
20070605,UT,0.00,100.00,100.00,11.87,0.00,0.00,2007-06-05,2007-06-11,1
20070529,UT,0.00,100.00,100.00,11.87,0.00,0.00,2007-05-29,2007-06-04,1
20070522,UT,0.00,100.00,99.99,11.87,0.00,0.00,2007-05-22,2007-05-28,1
20070515,UT,0.00,100.00,99.99,11.87,0.00,0.00,2007-05-15,2007-05-21,1
20070508,UT,0.00,100.00,99.99,11.16,0.00,0.00,2007-05-08,2007-05-14,1
20070501,UT,0.00,100.00,99.99,11.16,0.00,0.00,2007-05-01,2007-05-07,1
20070424,UT,0.00,100.00,100.00,10.19,0.00,0.00,2007-04-24,2007-04-30,1
20070417,UT,0.00,100.00,100.00,10.20,0.00,0.00,2007-04-17,2007-04-23,1
20070410,UT,0.00,100.00,100.00,1.37,0.00,0.00,2007-04-10,2007-04-16,1
20070403,UT,0.00,100.00,100.00,1.37,0.00,0.00,2007-04-03,2007-04-09,1
20070327,UT,0.00,100.00,100.00,1.41,0.00,0.00,2007-03-27,2007-04-02,1
20070320,UT,0.00,100.00,9.79,0.80,0.00,0.00,2007-03-20,2007-03-26,1
20070313,UT,0.00,100.00,7.62,0.04,0.00,0.00,2007-03-13,2007-03-19,1
20070306,UT,0.00,100.00,4.53,0.04,0.00,0.00,2007-03-06,2007-03-12,1
20070227,UT,0.00,100.00,1.95,0.04,0.00,0.00,2007-02-27,2007-03-05,1
20070220,UT,0.00,100.00,1.79,0.03,0.00,0.00,2007-02-20,2007-02-26,1
20070213,UT,0.00,100.00,1.79,0.03,0.00,0.00,2007-02-13,2007-02-19,1
20070206,UT,38.72,61.28,1.79,0.03,0.00,0.00,2007-02-06,2007-02-12,1
20070130,UT,83.75,16.25,1.79,0.03,0.00,0.00,2007-01-30,2007-02-05,1
20070123,UT,83.78,16.22,1.79,0.03,0.00,0.00,2007-01-23,2007-01-29,1
20070116,UT,92.75,7.25,1.79,0.03,0.00,0.00,2007-01-16,2007-01-22,1
20070109,UT,92.75,7.25,1.79,0.03,0.00,0.00,2007-01-09,2007-01-15,1
20070102,UT,93.35,6.65,0.67,0.00,0.00,0.00,2007-01-02,2007-01-08,1
20061226,UT,93.17,6.83,0.67,0.00,0.00,0.00,2006-12-26,2007-01-01,1
20061219,UT,93.17,6.83,0.67,0.00,0.00,0.00,2006-12-19,2006-12-25,1
20061212,UT,93.29,6.71,0.98,0.00,0.00,0.00,2006-12-12,2006-12-18,1
20061205,UT,92.23,7.77,0.98,0.00,0.00,0.00,2006-12-05,2006-12-11,1
20061128,UT,90.23,9.77,0.48,0.00,0.00,0.00,2006-11-28,2006-12-04,1
20061121,UT,91.27,8.73,0.00,0.00,0.00,0.00,2006-11-21,2006-11-27,1
20061114,UT,91.13,8.87,0.00,0.00,0.00,0.00,2006-11-14,2006-11-20,1
20061107,UT,91.13,8.87,0.00,0.00,0.00,0.00,2006-11-07,2006-11-13,1
20061031,UT,91.13,8.87,0.00,0.00,0.00,0.00,2006-10-31,2006-11-06,1
20061024,UT,90.76,9.24,0.00,0.00,0.00,0.00,2006-10-24,2006-10-30,1
20061017,UT,90.76,9.24,0.00,0.00,0.00,0.00,2006-10-17,2006-10-23,1
20061010,UT,90.76,9.24,0.00,0.00,0.00,0.00,2006-10-10,2006-10-16,1
20061003,UT,77.00,23.00,4.83,0.00,0.00,0.00,2006-10-03,2006-10-09,1
20060926,UT,76.59,23.41,4.83,0.00,0.00,0.00,2006-09-26,2006-10-02,1
20060919,UT,76.54,23.46,5.03,0.00,0.00,0.00,2006-09-19,2006-09-25,1
20060912,UT,76.54,23.46,6.81,0.00,0.00,0.00,2006-09-12,2006-09-18,1
20060905,UT,79.26,20.74,7.91,0.00,0.00,0.00,2006-09-05,2006-09-11,1
20060829,UT,79.26,20.74,7.91,0.00,0.00,0.00,2006-08-29,2006-09-04,1
20060822,UT,78.41,21.59,7.91,0.00,0.00,0.00,2006-08-22,2006-08-28,1
20060815,UT,76.42,23.58,9.21,0.00,0.00,0.00,2006-08-15,2006-08-21,1
20060808,UT,78.03,21.97,8.67,0.00,0.00,0.00,2006-08-08,2006-08-14,1
20060801,UT,77.97,22.03,8.67,0.00,0.00,0.00,2006-08-01,2006-08-07,1
20060725,UT,76.23,23.77,8.68,0.12,0.00,0.00,2006-07-25,2006-07-31,1
20060718,UT,76.23,23.77,8.68,0.12,0.00,0.00,2006-07-18,2006-07-24,1
20060711,UT,74.58,25.42,8.61,0.12,0.00,0.00,2006-07-11,2006-07-17,1
20060704,UT,75.77,24.23,8.09,0.51,0.00,0.00,2006-07-04,2006-07-10,1
20060627,UT,75.67,24.33,7.88,0.51,0.00,0.00,2006-06-27,2006-07-03,1
20060620,UT,77.97,22.03,5.66,0.51,0.00,0.00,2006-06-20,2006-06-26,1
20060613,UT,77.97,22.03,5.66,0.51,0.00,0.00,2006-06-13,2006-06-19,1
20060606,UT,76.55,23.45,5.86,0.54,0.00,0.00,2006-06-06,2006-06-12,1
20060530,UT,76.55,23.45,5.50,0.00,0.00,0.00,2006-05-30,2006-06-05,1
20060523,UT,76.30,23.70,5.39,0.00,0.00,0.00,2006-05-23,2006-05-29,1
20060516,UT,76.30,23.70,2.76,0.00,0.00,0.00,2006-05-16,2006-05-22,1
20060509,UT,76.30,23.70,2.76,0.00,0.00,0.00,2006-05-09,2006-05-15,1
20060502,UT,76.30,23.70,2.84,0.00,0.00,0.00,2006-05-02,2006-05-08,1
20060425,UT,80.03,19.97,3.10,0.00,0.00,0.00,2006-04-25,2006-05-01,1
20060418,UT,80.03,19.97,2.79,0.00,0.00,0.00,2006-04-18,2006-04-24,1
20060411,UT,80.03,19.97,2.79,0.00,0.00,0.00,2006-04-11,2006-04-17,1
20060404,UT,80.03,19.97,2.79,0.00,0.00,0.00,2006-04-04,2006-04-10,1
20060328,UT,76.87,23.13,1.60,0.00,0.00,0.00,2006-03-28,2006-04-03,1
20060321,UT,71.41,28.59,0.36,0.00,0.00,0.00,2006-03-21,2006-03-27,1
20060314,UT,71.41,28.59,0.36,0.00,0.00,0.00,2006-03-14,2006-03-20,1
20060307,UT,67.90,32.10,0.60,0.00,0.00,0.00,2006-03-07,2006-03-13,1
20060228,UT,67.20,32.80,0.72,0.00,0.00,0.00,2006-02-28,2006-03-06,1
20060221,UT,75.06,24.94,0.77,0.00,0.00,0.00,2006-02-21,2006-02-27,1
20060214,UT,77.70,22.30,0.41,0.00,0.00,0.00,2006-02-14,2006-02-20,1
20060207,UT,80.30,19.70,0.41,0.00,0.00,0.00,2006-02-07,2006-02-13,1
20060131,UT,80.66,19.34,0.39,0.00,0.00,0.00,2006-01-31,2006-02-06,1
20060124,UT,80.67,19.33,0.02,0.00,0.00,0.00,2006-01-24,2006-01-30,1
20060117,UT,83.99,16.01,0.02,0.00,0.00,0.00,2006-01-17,2006-01-23,1
20060110,UT,83.43,16.57,0.15,0.00,0.00,0.00,2006-01-10,2006-01-16,1
20060103,UT,83.43,16.57,0.78,0.00,0.00,0.00,2006-01-03,2006-01-09,1
20051227,UT,82.79,17.21,1.74,0.00,0.00,0.00,2005-12-27,2006-01-02,1
20051220,UT,82.79,17.21,1.74,0.00,0.00,0.00,2005-12-20,2005-12-26,1
20051213,UT,82.79,17.21,1.74,0.00,0.00,0.00,2005-12-13,2005-12-19,1
20051206,UT,82.79,17.21,1.74,0.00,0.00,0.00,2005-12-06,2005-12-12,1
20051129,UT,82.79,17.21,1.74,0.00,0.00,0.00,2005-11-29,2005-12-05,1
20051122,UT,82.79,17.21,1.74,0.00,0.00,0.00,2005-11-22,2005-11-28,1
20051115,UT,82.79,17.21,1.74,0.00,0.00,0.00,2005-11-15,2005-11-21,1
20051108,UT,82.79,17.21,1.74,0.00,0.00,0.00,2005-11-08,2005-11-14,1
20051101,UT,82.79,17.21,1.74,0.00,0.00,0.00,2005-11-01,2005-11-07,1
20051025,UT,82.79,17.21,1.74,0.00,0.00,0.00,2005-10-25,2005-10-31,1
20051018,UT,82.79,17.21,1.74,0.00,0.00,0.00,2005-10-18,2005-10-24,1
20051011,UT,82.79,17.21,1.74,0.00,0.00,0.00,2005-10-11,2005-10-17,1
20051004,UT,82.79,17.21,1.75,0.00,0.00,0.00,2005-10-04,2005-10-10,1
20050927,UT,79.79,20.21,2.43,0.00,0.00,0.00,2005-09-27,2005-10-03,1
20050920,UT,79.86,20.14,2.47,0.00,0.00,0.00,2005-09-20,2005-09-26,1
20050913,UT,79.08,20.92,2.79,0.00,0.00,0.00,2005-09-13,2005-09-19,1
20050906,UT,79.08,20.92,2.79,0.00,0.00,0.00,2005-09-06,2005-09-12,1
20050830,UT,78.95,21.05,2.79,0.00,0.00,0.00,2005-08-30,2005-09-05,1
20050823,UT,79.07,20.93,2.79,0.00,0.00,0.00,2005-08-23,2005-08-29,1
20050816,UT,79.07,20.93,3.06,0.00,0.00,0.00,2005-08-16,2005-08-22,1
20050809,UT,73.79,26.21,3.06,0.00,0.00,0.00,2005-08-09,2005-08-15,1
20050802,UT,73.45,26.55,3.06,0.00,0.00,0.00,2005-08-02,2005-08-08,1
20050726,UT,74.02,25.98,3.06,0.00,0.00,0.00,2005-07-26,2005-08-01,1
20050719,UT,78.54,21.46,3.06,0.00,0.00,0.00,2005-07-19,2005-07-25,1
20050712,UT,78.54,21.46,3.06,0.00,0.00,0.00,2005-07-12,2005-07-18,1
20050705,UT,78.54,21.46,3.06,0.00,0.00,0.00,2005-07-05,2005-07-11,1
20050628,UT,78.54,21.46,3.06,0.00,0.00,0.00,2005-06-28,2005-07-04,1
20050621,UT,77.68,22.32,3.06,0.00,0.00,0.00,2005-06-21,2005-06-27,1
20050614,UT,77.11,22.89,3.06,0.00,0.00,0.00,2005-06-14,2005-06-20,1
20050607,UT,77.11,22.89,3.21,0.00,0.00,0.00,2005-06-07,2005-06-13,1
20050531,UT,77.11,22.89,3.21,0.00,0.00,0.00,2005-05-31,2005-06-06,1
20050524,UT,77.11,22.89,3.21,0.00,0.00,0.00,2005-05-24,2005-05-30,1
20050517,UT,76.18,23.82,3.59,0.00,0.00,0.00,2005-05-17,2005-05-23,1
20050510,UT,72.71,27.29,5.21,0.00,0.00,0.00,2005-05-10,2005-05-16,1
20050503,UT,72.43,27.57,7.74,0.02,0.00,0.00,2005-05-03,2005-05-09,1
20050426,UT,68.41,31.59,9.26,0.45,0.01,0.00,2005-04-26,2005-05-02,1
20050419,UT,65.30,34.70,11.39,1.46,0.25,0.01,2005-04-19,2005-04-25,1
20050412,UT,59.96,40.04,19.71,1.46,0.25,0.01,2005-04-12,2005-04-18,1
20050405,UT,31.41,68.59,30.21,4.43,0.04,0.00,2005-04-05,2005-04-11,1
20050329,UT,26.19,73.81,38.59,8.08,0.91,0.00,2005-03-29,2005-04-04,1
20050322,UT,12.90,87.10,56.69,13.99,2.70,0.27,2005-03-22,2005-03-28,1
20050315,UT,12.90,87.10,56.69,13.99,2.70,0.27,2005-03-15,2005-03-21,1
20050308,UT,12.90,87.10,56.69,13.99,2.70,0.04,2005-03-08,2005-03-14,1
20050301,UT,12.90,87.10,56.69,13.99,2.70,0.04,2005-03-01,2005-03-07,1
20050222,UT,12.90,87.10,56.69,13.99,2.70,0.04,2005-02-22,2005-02-28,1
20050215,UT,12.90,87.10,56.69,13.99,2.70,0.04,2005-02-15,2005-02-21,1
20050208,UT,11.64,88.36,63.36,14.02,2.70,0.04,2005-02-08,2005-02-14,1
20050201,UT,5.88,94.12,73.50,25.58,1.93,0.02,2005-02-01,2005-02-07,1
20050125,UT,4.22,95.78,74.40,25.58,1.93,0.02,2005-01-25,2005-01-31,1
20050118,UT,4.32,95.68,74.40,25.58,1.93,0.02,2005-01-18,2005-01-24,1
20050111,UT,0.00,100.00,74.40,28.23,2.92,0.54,2005-01-11,2005-01-17,1
20050104,UT,0.00,100.00,75.68,39.40,13.92,0.74,2005-01-04,2005-01-10,1
20041228,UT,0.00,100.00,76.51,39.51,16.06,0.74,2004-12-28,2005-01-03,1
20041221,UT,0.00,100.00,76.51,47.02,16.06,0.74,2004-12-21,2004-12-27,1
20041214,UT,0.00,100.00,76.83,47.95,16.19,0.74,2004-12-14,2004-12-20,1
20041207,UT,0.00,100.00,78.18,47.98,16.19,0.74,2004-12-07,2004-12-13,1
20041130,UT,0.00,100.00,78.29,47.98,16.19,0.74,2004-11-30,2004-12-06,1
20041123,UT,0.00,100.00,94.87,57.98,32.18,0.74,2004-11-23,2004-11-29,1
20041116,UT,0.00,100.00,100.00,58.89,33.58,0.74,2004-11-16,2004-11-22,1
20041109,UT,0.00,100.00,100.00,64.70,33.58,0.74,2004-11-09,2004-11-15,1
20041102,UT,0.00,100.00,100.00,67.83,38.51,0.74,2004-11-02,2004-11-08,1
20041026,UT,0.00,100.00,100.00,67.83,38.20,0.74,2004-10-26,2004-11-01,1
20041019,UT,0.00,100.00,100.00,98.80,55.28,1.50,2004-10-19,2004-10-25,1
20041012,UT,0.00,100.00,100.00,98.80,55.28,1.50,2004-10-12,2004-10-18,1
20041005,UT,0.00,100.00,100.00,98.80,55.28,1.50,2004-10-05,2004-10-11,1
20040928,UT,0.00,100.00,100.00,98.80,55.28,1.50,2004-09-28,2004-10-04,1
20040921,UT,0.00,100.00,100.00,98.80,55.28,1.50,2004-09-21,2004-09-27,1
20040914,UT,0.00,100.00,100.00,98.80,55.28,1.50,2004-09-14,2004-09-20,1
20040907,UT,0.00,100.00,100.00,98.80,55.28,1.64,2004-09-07,2004-09-13,1
20040831,UT,0.00,100.00,100.00,98.80,55.64,1.64,2004-08-31,2004-09-06,1
20040824,UT,0.00,100.00,100.00,98.80,55.64,1.64,2004-08-24,2004-08-30,1
20040817,UT,0.00,100.00,100.00,98.80,55.79,1.94,2004-08-17,2004-08-23,1
20040810,UT,0.00,100.00,100.00,98.80,47.19,1.94,2004-08-10,2004-08-16,1
20040803,UT,0.00,100.00,100.00,98.80,47.57,1.94,2004-08-03,2004-08-09,1
20040727,UT,0.00,100.00,100.00,98.80,47.57,1.94,2004-07-27,2004-08-02,1
20040720,UT,0.00,100.00,100.00,98.80,47.57,1.94,2004-07-20,2004-07-26,1
20040713,UT,0.00,100.00,100.00,98.80,47.57,1.94,2004-07-13,2004-07-19,1
20040706,UT,0.00,100.00,100.00,98.80,46.70,1.94,2004-07-06,2004-07-12,1
20040629,UT,0.00,100.00,100.00,98.80,46.70,1.94,2004-06-29,2004-07-05,1
20040622,UT,0.00,100.00,100.00,98.80,46.70,1.94,2004-06-22,2004-06-28,1
20040615,UT,0.00,100.00,100.00,98.74,46.70,1.94,2004-06-15,2004-06-21,1
20040608,UT,0.00,100.00,100.00,98.74,46.69,1.94,2004-06-08,2004-06-14,1
20040601,UT,0.00,100.00,100.00,98.95,46.63,1.94,2004-06-01,2004-06-07,1
20040525,UT,0.00,100.00,100.00,98.94,46.63,1.94,2004-05-25,2004-05-31,1
20040518,UT,0.00,100.00,100.00,92.90,46.63,2.36,2004-05-18,2004-05-24,1
20040511,UT,0.00,100.00,100.00,92.90,46.63,2.10,2004-05-11,2004-05-17,1
20040504,UT,0.00,100.00,100.00,92.90,46.63,1.99,2004-05-04,2004-05-10,1
20040427,UT,0.00,100.00,100.00,89.61,51.95,1.99,2004-04-27,2004-05-03,1
20040420,UT,0.00,100.00,100.00,89.61,51.95,1.99,2004-04-20,2004-04-26,1
20040413,UT,0.00,100.00,100.00,89.61,51.95,1.99,2004-04-13,2004-04-19,1
20040406,UT,0.00,100.00,100.00,91.05,51.96,2.32,2004-04-06,2004-04-12,1
20040330,UT,0.00,100.00,100.00,84.75,51.31,2.32,2004-03-30,2004-04-05,1
20040323,UT,0.00,100.00,100.00,84.75,51.31,2.32,2004-03-23,2004-03-29,1
20040316,UT,0.00,100.00,100.00,84.75,49.64,2.32,2004-03-16,2004-03-22,1
20040309,UT,0.00,100.00,100.00,84.75,49.64,2.32,2004-03-09,2004-03-15,1
20040302,UT,0.00,100.00,100.00,84.75,49.64,2.32,2004-03-02,2004-03-08,1
20040224,UT,0.00,100.00,100.00,100.00,64.09,13.03,2004-02-24,2004-03-01,1
20040217,UT,0.00,100.00,100.00,100.00,64.09,13.03,2004-02-17,2004-02-23,1
20040210,UT,0.00,100.00,100.00,100.00,64.16,13.03,2004-02-10,2004-02-16,1
20040203,UT,0.00,100.00,100.00,100.00,64.49,13.03,2004-02-03,2004-02-09,1
20040127,UT,0.00,100.00,100.00,100.00,64.49,12.85,2004-01-27,2004-02-02,1
20040120,UT,0.00,100.00,100.00,100.00,64.49,12.85,2004-01-20,2004-01-26,1
20040113,UT,0.00,100.00,100.00,100.00,64.42,12.75,2004-01-13,2004-01-19,1
20040106,UT,0.00,100.00,100.00,100.00,64.45,12.85,2004-01-06,2004-01-12,1
20031230,UT,0.00,100.00,100.00,100.00,68.72,15.99,2003-12-30,2004-01-05,1
20031223,UT,0.00,100.00,100.00,100.00,100.00,18.77,2003-12-23,2003-12-29,1
20031216,UT,0.00,100.00,100.00,100.00,100.00,19.29,2003-12-16,2003-12-22,1
20031209,UT,0.00,100.00,100.00,100.00,100.00,18.65,2003-12-09,2003-12-15,1
20031202,UT,0.00,100.00,100.00,100.00,99.99,18.84,2003-12-02,2003-12-08,1
20031125,UT,0.00,100.00,100.00,100.00,100.00,18.03,2003-11-25,2003-12-01,1
20031118,UT,0.00,100.00,100.00,100.00,99.99,17.42,2003-11-18,2003-11-24,1
20031111,UT,0.00,100.00,100.00,100.00,99.99,17.80,2003-11-11,2003-11-17,1
20031104,UT,0.00,100.00,100.00,100.00,99.99,15.43,2003-11-04,2003-11-10,1
20031028,UT,0.00,100.00,100.00,100.00,99.92,14.22,2003-10-28,2003-11-03,1
20031021,UT,0.00,100.00,100.00,100.00,99.97,14.46,2003-10-21,2003-10-27,1
20031014,UT,0.00,100.00,100.00,100.00,100.00,14.46,2003-10-14,2003-10-20,1
20031007,UT,0.00,100.00,100.00,100.00,98.25,15.46,2003-10-07,2003-10-13,1
20030930,UT,0.00,100.00,100.00,100.00,98.59,15.24,2003-09-30,2003-10-06,1
20030923,UT,0.00,100.00,100.00,100.00,98.24,14.46,2003-09-23,2003-09-29,1
20030916,UT,0.00,100.00,100.00,100.00,98.45,14.58,2003-09-16,2003-09-22,1
20030909,UT,0.00,100.00,100.00,100.00,100.00,15.39,2003-09-09,2003-09-15,1
20030902,UT,0.00,100.00,100.00,100.00,100.00,16.16,2003-09-02,2003-09-08,1
20030826,UT,0.00,100.00,100.00,100.00,100.00,19.07,2003-08-26,2003-09-01,1
20030819,UT,0.00,100.00,100.00,100.00,100.00,18.66,2003-08-19,2003-08-25,1
20030812,UT,0.00,100.00,100.00,100.00,100.00,18.56,2003-08-12,2003-08-18,1
20030805,UT,0.00,100.00,100.00,100.00,100.00,18.53,2003-08-05,2003-08-11,1
20030729,UT,0.00,100.00,100.00,100.00,100.00,24.47,2003-07-29,2003-08-04,1
20030722,UT,0.00,100.00,100.00,100.00,100.00,12.23,2003-07-22,2003-07-28,1
20030715,UT,0.00,100.00,100.00,100.00,100.00,9.78,2003-07-15,2003-07-21,1
20030708,UT,0.00,100.00,100.00,100.00,99.52,10.61,2003-07-08,2003-07-14,1
20030701,UT,0.00,100.00,100.00,100.00,99.64,10.29,2003-07-01,2003-07-07,1
20030624,UT,0.00,100.00,100.00,100.00,99.74,10.37,2003-06-24,2003-06-30,1
20030617,UT,0.00,100.00,100.00,100.00,100.00,10.18,2003-06-17,2003-06-23,1
20030610,UT,0.00,100.00,100.00,100.00,100.00,9.74,2003-06-10,2003-06-16,1
20030603,UT,0.00,100.00,100.00,100.00,100.00,5.41,2003-06-03,2003-06-09,1
20030527,UT,0.00,100.00,100.00,100.00,100.00,5.07,2003-05-27,2003-06-02,1
20030520,UT,0.00,100.00,100.00,100.00,100.00,5.25,2003-05-20,2003-05-26,1
20030513,UT,0.00,100.00,100.00,100.00,100.00,5.29,2003-05-13,2003-05-19,1
20030506,UT,0.00,100.00,100.00,100.00,100.00,0.04,2003-05-06,2003-05-12,1
20030429,UT,0.00,100.00,100.00,100.00,100.00,0.00,2003-04-29,2003-05-05,1
20030422,UT,0.00,100.00,100.00,100.00,100.00,0.00,2003-04-22,2003-04-28,1
20030415,UT,0.00,100.00,100.00,100.00,100.00,0.00,2003-04-15,2003-04-21,1
20030408,UT,0.00,100.00,100.00,100.00,100.00,0.02,2003-04-08,2003-04-14,1
20030401,UT,0.00,100.00,100.00,100.00,100.00,0.03,2003-04-01,2003-04-07,1
20030325,UT,0.00,100.00,100.00,100.00,99.97,0.43,2003-03-25,2003-03-31,1
20030318,UT,0.00,100.00,100.00,100.00,100.00,0.21,2003-03-18,2003-03-24,1
20030311,UT,0.00,100.00,100.00,100.00,99.94,0.50,2003-03-11,2003-03-17,1
20030304,UT,0.00,100.00,100.00,100.00,100.00,0.17,2003-03-04,2003-03-10,1
20030225,UT,0.00,100.00,100.00,100.00,100.00,0.98,2003-02-25,2003-03-03,1
20030218,UT,0.00,100.00,100.00,100.00,100.00,0.80,2003-02-18,2003-02-24,1
20030211,UT,0.00,100.00,100.00,100.00,100.00,1.14,2003-02-11,2003-02-17,1
20030204,UT,0.00,100.00,100.00,100.00,92.24,1.09,2003-02-04,2003-02-10,1
20030128,UT,0.00,100.00,100.00,100.00,93.05,1.22,2003-01-28,2003-02-03,1
20030121,UT,0.00,100.00,100.00,100.00,89.82,0.94,2003-01-21,2003-01-27,1
20030114,UT,0.00,100.00,100.00,100.00,66.27,1.33,2003-01-14,2003-01-20,1
20030107,UT,0.00,100.00,100.00,100.00,48.56,1.21,2003-01-07,2003-01-13,1
20021231,UT,0.00,100.00,100.00,100.00,19.37,0.67,2002-12-31,2003-01-06,1
20021224,UT,0.00,100.00,100.00,100.00,20.95,0.93,2002-12-24,2002-12-30,1
20021217,UT,0.00,100.00,100.00,100.00,19.64,1.06,2002-12-17,2002-12-23,1
20021210,UT,0.00,100.00,100.00,100.00,19.09,1.15,2002-12-10,2002-12-16,1
20021203,UT,0.00,100.00,100.00,71.21,20.26,0.97,2002-12-03,2002-12-09,1
20021126,UT,0.00,100.00,100.00,70.92,20.71,0.78,2002-11-26,2002-12-02,1
20021119,UT,0.00,100.00,100.00,70.44,20.21,1.16,2002-11-19,2002-11-25,1
20021112,UT,0.00,100.00,100.00,70.93,20.03,0.71,2002-11-12,2002-11-18,1
20021105,UT,0.00,100.00,100.00,73.61,29.93,3.97,2002-11-05,2002-11-11,1
20021029,UT,0.00,100.00,100.00,70.32,30.22,4.20,2002-10-29,2002-11-04,1
20021022,UT,0.00,100.00,100.00,70.08,29.26,3.56,2002-10-22,2002-10-28,1
20021015,UT,0.00,100.00,100.00,71.05,29.44,4.07,2002-10-15,2002-10-21,1
20021008,UT,0.00,100.00,100.00,71.05,29.74,3.76,2002-10-08,2002-10-14,1
20021001,UT,0.00,100.00,100.00,100.00,59.04,9.15,2002-10-01,2002-10-07,1
20020924,UT,0.00,100.00,100.00,100.00,65.94,12.13,2002-09-24,2002-09-30,1
20020917,UT,0.00,100.00,100.00,100.00,65.67,11.50,2002-09-17,2002-09-23,1
20020910,UT,0.00,100.00,100.00,100.00,65.99,12.41,2002-09-10,2002-09-16,1
20020903,UT,0.00,100.00,100.00,100.00,67.79,14.55,2002-09-03,2002-09-09,1
20020827,UT,0.00,100.00,100.00,100.00,67.00,16.15,2002-08-27,2002-09-02,1
20020820,UT,0.00,100.00,100.00,88.24,54.47,16.08,2002-08-20,2002-08-26,1
20020813,UT,0.00,100.00,100.00,88.24,53.95,15.20,2002-08-13,2002-08-19,1
20020806,UT,0.00,100.00,100.00,87.66,53.42,15.66,2002-08-06,2002-08-12,1
20020730,UT,0.00,100.00,100.00,83.33,44.86,15.66,2002-07-30,2002-08-05,1
20020723,UT,0.00,100.00,100.00,89.75,63.30,33.44,2002-07-23,2002-07-29,1
20020716,UT,0.00,100.00,100.00,85.72,62.05,31.98,2002-07-16,2002-07-22,1
20020709,UT,0.00,100.00,100.00,82.14,55.88,32.17,2002-07-09,2002-07-15,1
20020702,UT,0.00,100.00,100.00,81.73,55.51,31.71,2002-07-02,2002-07-08,1
20020625,UT,0.00,100.00,100.00,78.24,49.77,15.37,2002-06-25,2002-07-01,1
20020618,UT,0.00,100.00,100.00,70.32,38.87,11.01,2002-06-18,2002-06-24,1
20020611,UT,0.00,100.00,95.28,69.85,32.13,11.14,2002-06-11,2002-06-17,1
20020604,UT,0.00,100.00,95.11,69.31,29.49,10.40,2002-06-04,2002-06-10,1
20020528,UT,0.00,100.00,86.68,70.14,29.49,11.03,2002-05-28,2002-06-03,1
20020521,UT,0.00,100.00,85.93,69.54,31.47,0.00,2002-05-21,2002-05-27,1
20020514,UT,0.00,100.00,86.48,69.87,30.00,0.00,2002-05-14,2002-05-20,1
20020507,UT,0.00,100.00,86.25,70.48,4.80,0.00,2002-05-07,2002-05-13,1
20020430,UT,0.00,100.00,86.31,70.30,4.90,0.00,2002-04-30,2002-05-06,1
20020423,UT,0.00,100.00,85.03,66.03,2.28,0.00,2002-04-23,2002-04-29,1
20020416,UT,0.00,100.00,69.68,36.32,0.00,0.00,2002-04-16,2002-04-22,1
20020409,UT,0.00,100.00,53.53,28.18,0.00,0.00,2002-04-09,2002-04-15,1
20020402,UT,0.00,100.00,53.03,23.74,0.00,0.00,2002-04-02,2002-04-08,1
20020326,UT,0.00,100.00,49.08,22.30,0.00,0.00,2002-03-26,2002-04-01,1
20020319,UT,0.00,100.00,47.47,22.42,0.00,0.00,2002-03-19,2002-03-25,1
20020312,UT,0.00,100.00,55.48,21.91,0.00,0.00,2002-03-12,2002-03-18,1
20020305,UT,0.00,100.00,48.59,0.50,0.00,0.00,2002-03-05,2002-03-11,1
20020226,UT,0.00,100.00,48.66,0.77,0.00,0.00,2002-02-26,2002-03-04,1
20020219,UT,0.00,100.00,48.53,0.62,0.00,0.00,2002-02-19,2002-02-25,1
20020212,UT,0.00,100.00,29.48,0.61,0.00,0.00,2002-02-12,2002-02-18,1
20020205,UT,0.00,100.00,31.22,0.63,0.00,0.00,2002-02-05,2002-02-11,1
20020129,UT,0.14,99.86,9.86,0.48,0.00,0.00,2002-01-29,2002-02-04,1
20020122,UT,0.14,99.86,16.32,0.69,0.00,0.00,2002-01-22,2002-01-28,1
20020115,UT,0.10,99.90,16.16,0.58,0.00,0.00,2002-01-15,2002-01-21,1
20020108,UT,13.97,86.03,22.55,0.56,0.00,0.00,2002-01-08,2002-01-14,1
20020101,UT,13.86,86.14,22.99,1.60,0.00,0.00,2002-01-01,2002-01-07,1
20011225,UT,16.00,84.00,23.46,2.03,0.00,0.00,2001-12-25,2001-12-31,1
20011218,UT,15.99,84.01,23.46,2.03,0.00,0.00,2001-12-18,2001-12-24,1
20011211,UT,16.00,84.00,23.46,2.03,0.00,0.00,2001-12-11,2001-12-17,1
20011204,UT,15.99,84.01,23.46,5.55,0.05,0.00,2001-12-04,2001-12-10,1
20011127,UT,18.23,81.77,23.46,9.75,4.74,0.00,2001-11-27,2001-12-03,1
20011120,UT,17.18,82.82,37.20,9.75,4.74,0.00,2001-11-20,2001-11-26,1
20011113,UT,17.19,82.81,37.20,9.77,4.74,0.00,2001-11-13,2001-11-19,1
20011106,UT,17.19,82.81,37.20,9.77,4.74,0.00,2001-11-06,2001-11-12,1
20011030,UT,17.35,82.65,37.20,9.77,4.74,0.00,2001-10-30,2001-11-05,1
20011023,UT,32.33,67.67,37.20,10.14,4.74,0.00,2001-10-23,2001-10-29,1
20011016,UT,32.33,67.67,37.20,10.14,4.74,0.00,2001-10-16,2001-10-22,1
20011009,UT,32.32,67.68,37.20,10.14,4.74,0.00,2001-10-09,2001-10-15,1
20011002,UT,32.32,67.68,37.20,10.14,4.74,0.00,2001-10-02,2001-10-08,1
20010925,UT,32.32,67.68,37.20,10.14,5.46,0.00,2001-09-25,2001-10-01,1
20010918,UT,32.32,67.68,37.20,10.14,5.46,0.00,2001-09-18,2001-09-24,1
20010911,UT,32.32,67.68,37.20,10.14,5.46,0.00,2001-09-11,2001-09-17,1
20010904,UT,42.65,57.35,29.38,10.14,5.47,0.00,2001-09-04,2001-09-10,1
20010828,UT,42.65,57.35,29.38,10.14,5.47,0.00,2001-08-28,2001-09-03,1
20010821,UT,42.65,57.35,29.13,10.62,5.04,0.00,2001-08-21,2001-08-27,1
20010814,UT,41.72,58.28,28.38,14.46,2.76,0.00,2001-08-14,2001-08-20,1
20010807,UT,46.90,53.10,28.38,14.46,3.41,0.00,2001-08-07,2001-08-13,1
20010731,UT,46.90,53.10,28.38,14.46,3.67,0.00,2001-07-31,2001-08-06,1
20010724,UT,46.90,53.10,28.38,14.46,0.00,0.00,2001-07-24,2001-07-30,1
20010717,UT,47.20,52.80,28.38,14.46,0.00,0.00,2001-07-17,2001-07-23,1
20010710,UT,47.20,52.80,27.29,13.46,0.00,0.00,2001-07-10,2001-07-16,1
20010703,UT,0.00,100.00,27.29,19.34,0.00,0.00,2001-07-03,2001-07-09,1
20010626,UT,0.00,100.00,27.28,13.33,0.00,0.00,2001-06-26,2001-07-02,1
20010619,UT,0.00,100.00,13.19,0.01,0.00,0.00,2001-06-19,2001-06-25,1
20010612,UT,48.32,51.68,19.99,0.22,0.00,0.00,2001-06-12,2001-06-18,1
20010605,UT,69.15,30.85,10.78,0.22,0.00,0.00,2001-06-05,2001-06-11,1
20010529,UT,75.30,24.70,4.38,0.22,0.00,0.00,2001-05-29,2001-06-04,1
20010522,UT,75.30,24.70,4.38,0.22,0.00,0.00,2001-05-22,2001-05-28,1
20010515,UT,75.30,24.70,4.38,0.22,0.00,0.00,2001-05-15,2001-05-21,1
20010508,UT,75.30,24.70,4.38,0.00,0.00,0.00,2001-05-08,2001-05-14,1
20010501,UT,75.30,24.70,4.38,0.00,0.00,0.00,2001-05-01,2001-05-07,1
20010424,UT,75.30,24.70,4.38,0.00,0.00,0.00,2001-04-24,2001-04-30,1
20010417,UT,75.30,24.70,4.38,0.00,0.00,0.00,2001-04-17,2001-04-23,1
20010410,UT,75.83,24.17,4.38,0.00,0.00,0.00,2001-04-10,2001-04-16,1
20010403,UT,71.21,28.79,4.02,0.00,0.00,0.00,2001-04-03,2001-04-09,1
20010327,UT,81.54,18.46,0.00,0.00,0.00,0.00,2001-03-27,2001-04-02,1
20010320,UT,81.54,18.46,0.00,0.00,0.00,0.00,2001-03-20,2001-03-26,1
20010313,UT,96.45,3.55,0.00,0.00,0.00,0.00,2001-03-13,2001-03-19,1
20010306,UT,97.90,2.10,0.00,0.00,0.00,0.00,2001-03-06,2001-03-12,1
20010227,UT,97.90,2.10,0.00,0.00,0.00,0.00,2001-02-27,2001-03-05,1
20010220,UT,100.00,0.00,0.00,0.00,0.00,0.00,2001-02-20,2001-02-26,1
20010213,UT,100.00,0.00,0.00,0.00,0.00,0.00,2001-02-13,2001-02-19,1
20010206,UT,100.00,0.00,0.00,0.00,0.00,0.00,2001-02-06,2001-02-12,1
20010130,UT,100.00,0.00,0.00,0.00,0.00,0.00,2001-01-30,2001-02-05,1
20010123,UT,100.00,0.00,0.00,0.00,0.00,0.00,2001-01-23,2001-01-29,1
20010116,UT,100.00,0.00,0.00,0.00,0.00,0.00,2001-01-16,2001-01-22,1
20010109,UT,100.00,0.00,0.00,0.00,0.00,0.00,2001-01-09,2001-01-15,1
20010102,UT,100.00,0.00,0.00,0.00,0.00,0.00,2001-01-02,2001-01-08,1
20001226,UT,100.00,0.00,0.00,0.00,0.00,0.00,2000-12-26,2001-01-01,1
20001219,UT,100.00,0.00,0.00,0.00,0.00,0.00,2000-12-19,2000-12-25,1
20001212,UT,99.96,0.04,0.00,0.00,0.00,0.00,2000-12-12,2000-12-18,1
20001205,UT,99.74,0.26,0.00,0.00,0.00,0.00,2000-12-05,2000-12-11,1
20001128,UT,92.12,7.88,0.00,0.00,0.00,0.00,2000-11-28,2000-12-04,1
20001121,UT,92.12,7.88,0.00,0.00,0.00,0.00,2000-11-21,2000-11-27,1
20001114,UT,89.27,10.73,0.00,0.00,0.00,0.00,2000-11-14,2000-11-20,1
20001107,UT,73.56,26.44,0.00,0.00,0.00,0.00,2000-11-07,2000-11-13,1
20001031,UT,49.63,50.37,1.59,0.00,0.00,0.00,2000-10-31,2000-11-06,1
20001024,UT,0.00,100.00,35.27,0.00,0.00,0.00,2000-10-24,2000-10-30,1
20001017,UT,1.19,98.81,33.85,2.25,0.00,0.00,2000-10-17,2000-10-23,1
20001010,UT,0.07,99.93,80.91,2.09,0.00,0.00,2000-10-10,2000-10-16,1
20001003,UT,0.07,99.93,80.65,2.34,0.00,0.00,2000-10-03,2000-10-09,1
20000926,UT,0.07,99.93,80.65,2.34,0.00,0.00,2000-09-26,2000-10-02,1
20000919,UT,0.08,99.92,79.93,2.34,0.00,0.00,2000-09-19,2000-09-25,1
20000912,UT,0.07,99.93,79.93,2.34,0.00,0.00,2000-09-12,2000-09-18,1
20000905,UT,0.08,99.92,79.93,2.34,0.00,0.00,2000-09-05,2000-09-11,1
20000829,UT,0.00,100.00,100.00,7.04,0.00,0.00,2000-08-29,2000-09-04,1
20000822,UT,0.00,100.00,100.00,6.15,0.00,0.00,2000-08-22,2000-08-28,1
20000815,UT,0.00,100.00,95.62,6.39,0.00,0.00,2000-08-15,2000-08-21,1
20000808,UT,0.00,100.00,51.02,0.00,0.00,0.00,2000-08-08,2000-08-14,1
20000801,UT,0.00,100.00,31.29,0.00,0.00,0.00,2000-08-01,2000-08-07,1
20000725,UT,0.00,100.00,19.14,0.00,0.00,0.00,2000-07-25,2000-07-31,1
20000718,UT,0.00,100.00,16.84,0.00,0.00,0.00,2000-07-18,2000-07-24,1
20000711,UT,0.80,99.20,18.69,0.00,0.00,0.00,2000-07-11,2000-07-17,1
20000704,UT,0.76,99.24,6.04,0.00,0.00,0.00,2000-07-04,2000-07-10,1
20000627,UT,0.33,99.67,0.00,0.00,0.00,0.00,2000-06-27,2000-07-03,1
20000620,UT,6.47,93.53,0.00,0.00,0.00,0.00,2000-06-20,2000-06-26,1
20000613,UT,51.73,48.27,0.00,0.00,0.00,0.00,2000-06-13,2000-06-19,1
20000606,UT,78.86,21.14,0.00,0.00,0.00,0.00,2000-06-06,2000-06-12,1
20000530,UT,99.59,0.41,0.00,0.00,0.00,0.00,2000-05-30,2000-06-05,1
20000523,UT,99.80,0.20,0.00,0.00,0.00,0.00,2000-05-23,2000-05-29,1
20000516,UT,99.69,0.31,0.00,0.00,0.00,0.00,2000-05-16,2000-05-22,1
20000509,UT,100.00,0.00,0.00,0.00,0.00,0.00,2000-05-09,2000-05-15,1
20000502,UT,100.00,0.00,0.00,0.00,0.00,0.00,2000-05-02,2000-05-08,1
20000425,UT,100.00,0.00,0.00,0.00,0.00,0.00,2000-04-25,2000-05-01,1
20000418,UT,100.00,0.00,0.00,0.00,0.00,0.00,2000-04-18,2000-04-24,1
20000411,UT,100.00,0.00,0.00,0.00,0.00,0.00,2000-04-11,2000-04-17,1
20000404,UT,100.00,0.00,0.00,0.00,0.00,0.00,2000-04-04,2000-04-10,1
20000328,UT,100.00,0.00,0.00,0.00,0.00,0.00,2000-03-28,2000-04-03,1
20000321,UT,100.00,0.00,0.00,0.00,0.00,0.00,2000-03-21,2000-03-27,1
20000314,UT,100.00,0.00,0.00,0.00,0.00,0.00,2000-03-14,2000-03-20,1
20000307,UT,91.98,8.02,0.00,0.00,0.00,0.00,2000-03-07,2000-03-13,1
20000229,UT,84.23,15.77,0.00,0.00,0.00,0.00,2000-02-29,2000-03-06,1
20000222,UT,78.86,21.14,0.00,0.00,0.00,0.00,2000-02-22,2000-02-28,1
20000215,UT,70.63,29.37,0.00,0.00,0.00,0.00,2000-02-15,2000-02-21,1
20000208,UT,59.72,40.28,0.00,0.00,0.00,0.00,2000-02-08,2000-02-14,1
20000201,UT,43.64,56.36,0.00,0.00,0.00,0.00,2000-02-01,2000-02-07,1
20000125,UT,44.25,55.75,0.00,0.00,0.00,0.00,2000-01-25,2000-01-31,1
20000118,UT,43.69,56.31,0.00,0.00,0.00,0.00,2000-01-18,2000-01-24,1
20000111,UT,63.01,36.99,0.00,0.00,0.00,0.00,2000-01-11,2000-01-17,1
20000104,UT,100.00,0.00,0.00,0.00,0.00,0.00,2000-01-04,2000-01-10,1
