MapDate,StateAbbreviation,None,D0,D1,D2,D3,D4,ValidStart,ValidEnd,StatisticFormatID
20200602,MI,100.00,0.00,0.00,0.00,0.00,0.00,2020-06-02,2020-06-08,1
20200526,MI,100.00,0.00,0.00,0.00,0.00,0.00,2020-05-26,2020-06-01,1
20200519,MI,100.00,0.00,0.00,0.00,0.00,0.00,2020-05-19,2020-05-25,1
20200512,MI,94.44,5.56,0.00,0.00,0.00,0.00,2020-05-12,2020-05-18,1
20200505,MI,96.26,3.74,0.00,0.00,0.00,0.00,2020-05-05,2020-05-11,1
20200428,MI,93.06,6.94,0.00,0.00,0.00,0.00,2020-04-28,2020-05-04,1
20200421,MI,93.06,6.94,0.00,0.00,0.00,0.00,2020-04-21,2020-04-27,1
20200414,MI,100.00,0.00,0.00,0.00,0.00,0.00,2020-04-14,2020-04-20,1
20200407,MI,100.00,0.00,0.00,0.00,0.00,0.00,2020-04-07,2020-04-13,1
20200331,MI,100.00,0.00,0.00,0.00,0.00,0.00,2020-03-31,2020-04-06,1
20200324,MI,100.00,0.00,0.00,0.00,0.00,0.00,2020-03-24,2020-03-30,1
20200317,MI,100.00,0.00,0.00,0.00,0.00,0.00,2020-03-17,2020-03-23,1
20200310,MI,100.00,0.00,0.00,0.00,0.00,0.00,2020-03-10,2020-03-16,1
20200303,MI,100.00,0.00,0.00,0.00,0.00,0.00,2020-03-03,2020-03-09,1
20200225,MI,100.00,0.00,0.00,0.00,0.00,0.00,2020-02-25,2020-03-02,1
20200218,MI,100.00,0.00,0.00,0.00,0.00,0.00,2020-02-18,2020-02-24,1
20200211,MI,100.00,0.00,0.00,0.00,0.00,0.00,2020-02-11,2020-02-17,1
20200204,MI,100.00,0.00,0.00,0.00,0.00,0.00,2020-02-04,2020-02-10,1
20200128,MI,100.00,0.00,0.00,0.00,0.00,0.00,2020-01-28,2020-02-03,1
20200121,MI,100.00,0.00,0.00,0.00,0.00,0.00,2020-01-21,2020-01-27,1
20200114,MI,100.00,0.00,0.00,0.00,0.00,0.00,2020-01-14,2020-01-20,1
20200107,MI,100.00,0.00,0.00,0.00,0.00,0.00,2020-01-07,2020-01-13,1
20191231,MI,100.00,0.00,0.00,0.00,0.00,0.00,2019-12-31,2020-01-06,1
20191224,MI,100.00,0.00,0.00,0.00,0.00,0.00,2019-12-24,2019-12-30,1
20191217,MI,100.00,0.00,0.00,0.00,0.00,0.00,2019-12-17,2019-12-23,1
20191210,MI,100.00,0.00,0.00,0.00,0.00,0.00,2019-12-10,2019-12-16,1
20191203,MI,100.00,0.00,0.00,0.00,0.00,0.00,2019-12-03,2019-12-09,1
20191126,MI,100.00,0.00,0.00,0.00,0.00,0.00,2019-11-26,2019-12-02,1
20191119,MI,100.00,0.00,0.00,0.00,0.00,0.00,2019-11-19,2019-11-25,1
20191112,MI,100.00,0.00,0.00,0.00,0.00,0.00,2019-11-12,2019-11-18,1
20191105,MI,100.00,0.00,0.00,0.00,0.00,0.00,2019-11-05,2019-11-11,1
20191029,MI,100.00,0.00,0.00,0.00,0.00,0.00,2019-10-29,2019-11-04,1
20191022,MI,100.00,0.00,0.00,0.00,0.00,0.00,2019-10-22,2019-10-28,1
20191015,MI,93.75,6.25,0.00,0.00,0.00,0.00,2019-10-15,2019-10-21,1
20191008,MI,93.75,6.25,0.00,0.00,0.00,0.00,2019-10-08,2019-10-14,1
20191001,MI,88.46,11.54,1.50,0.00,0.00,0.00,2019-10-01,2019-10-07,1
20190924,MI,76.61,23.39,1.83,0.00,0.00,0.00,2019-09-24,2019-09-30,1
20190917,MI,63.13,36.87,5.81,0.00,0.00,0.00,2019-09-17,2019-09-23,1
20190910,MI,38.45,61.55,16.33,0.00,0.00,0.00,2019-09-10,2019-09-16,1
20190903,MI,35.75,64.25,17.29,0.00,0.00,0.00,2019-09-03,2019-09-09,1
20190827,MI,34.16,65.84,6.96,0.00,0.00,0.00,2019-08-27,2019-09-02,1
20190820,MI,47.04,52.96,0.00,0.00,0.00,0.00,2019-08-20,2019-08-26,1
20190813,MI,71.96,28.04,0.00,0.00,0.00,0.00,2019-08-13,2019-08-19,1
20190806,MI,87.15,12.85,0.00,0.00,0.00,0.00,2019-08-06,2019-08-12,1
20190730,MI,88.07,11.93,0.00,0.00,0.00,0.00,2019-07-30,2019-08-05,1
20190723,MI,91.03,8.97,0.00,0.00,0.00,0.00,2019-07-23,2019-07-29,1
20190716,MI,92.65,7.35,0.00,0.00,0.00,0.00,2019-07-16,2019-07-22,1
20190709,MI,89.88,10.12,0.00,0.00,0.00,0.00,2019-07-09,2019-07-15,1
20190702,MI,100.00,0.00,0.00,0.00,0.00,0.00,2019-07-02,2019-07-08,1
20190625,MI,100.00,0.00,0.00,0.00,0.00,0.00,2019-06-25,2019-07-01,1
20190618,MI,100.00,0.00,0.00,0.00,0.00,0.00,2019-06-18,2019-06-24,1
20190611,MI,100.00,0.00,0.00,0.00,0.00,0.00,2019-06-11,2019-06-17,1
20190604,MI,100.00,0.00,0.00,0.00,0.00,0.00,2019-06-04,2019-06-10,1
20190528,MI,100.00,0.00,0.00,0.00,0.00,0.00,2019-05-28,2019-06-03,1
20190521,MI,100.00,0.00,0.00,0.00,0.00,0.00,2019-05-21,2019-05-27,1
20190514,MI,100.00,0.00,0.00,0.00,0.00,0.00,2019-05-14,2019-05-20,1
20190507,MI,100.00,0.00,0.00,0.00,0.00,0.00,2019-05-07,2019-05-13,1
20190430,MI,100.00,0.00,0.00,0.00,0.00,0.00,2019-04-30,2019-05-06,1
20190423,MI,100.00,0.00,0.00,0.00,0.00,0.00,2019-04-23,2019-04-29,1
20190416,MI,100.00,0.00,0.00,0.00,0.00,0.00,2019-04-16,2019-04-22,1
20190409,MI,100.00,0.00,0.00,0.00,0.00,0.00,2019-04-09,2019-04-15,1
20190402,MI,100.00,0.00,0.00,0.00,0.00,0.00,2019-04-02,2019-04-08,1
20190326,MI,100.00,0.00,0.00,0.00,0.00,0.00,2019-03-26,2019-04-01,1
20190319,MI,100.00,0.00,0.00,0.00,0.00,0.00,2019-03-19,2019-03-25,1
20190312,MI,100.00,0.00,0.00,0.00,0.00,0.00,2019-03-12,2019-03-18,1
20190305,MI,100.00,0.00,0.00,0.00,0.00,0.00,2019-03-05,2019-03-11,1
20190226,MI,100.00,0.00,0.00,0.00,0.00,0.00,2019-02-26,2019-03-04,1
20190219,MI,100.00,0.00,0.00,0.00,0.00,0.00,2019-02-19,2019-02-25,1
20190212,MI,100.00,0.00,0.00,0.00,0.00,0.00,2019-02-12,2019-02-18,1
20190205,MI,100.00,0.00,0.00,0.00,0.00,0.00,2019-02-05,2019-02-11,1
20190129,MI,100.00,0.00,0.00,0.00,0.00,0.00,2019-01-29,2019-02-04,1
20190122,MI,100.00,0.00,0.00,0.00,0.00,0.00,2019-01-22,2019-01-28,1
20190115,MI,100.00,0.00,0.00,0.00,0.00,0.00,2019-01-15,2019-01-21,1
20190108,MI,100.00,0.00,0.00,0.00,0.00,0.00,2019-01-08,2019-01-14,1
20190101,MI,100.00,0.00,0.00,0.00,0.00,0.00,2019-01-01,2019-01-07,1
20181225,MI,100.00,0.00,0.00,0.00,0.00,0.00,2018-12-25,2018-12-31,1
20181218,MI,100.00,0.00,0.00,0.00,0.00,0.00,2018-12-18,2018-12-24,1
20181211,MI,100.00,0.00,0.00,0.00,0.00,0.00,2018-12-11,2018-12-17,1
20181204,MI,100.00,0.00,0.00,0.00,0.00,0.00,2018-12-04,2018-12-10,1
20181127,MI,100.00,0.00,0.00,0.00,0.00,0.00,2018-11-27,2018-12-03,1
20181120,MI,100.00,0.00,0.00,0.00,0.00,0.00,2018-11-20,2018-11-26,1
20181113,MI,100.00,0.00,0.00,0.00,0.00,0.00,2018-11-13,2018-11-19,1
20181106,MI,100.00,0.00,0.00,0.00,0.00,0.00,2018-11-06,2018-11-12,1
20181030,MI,100.00,0.00,0.00,0.00,0.00,0.00,2018-10-30,2018-11-05,1
20181023,MI,96.93,3.07,0.00,0.00,0.00,0.00,2018-10-23,2018-10-29,1
20181016,MI,96.93,3.07,0.00,0.00,0.00,0.00,2018-10-16,2018-10-22,1
20181009,MI,96.93,3.07,0.00,0.00,0.00,0.00,2018-10-09,2018-10-15,1
20181002,MI,82.16,17.84,4.68,0.00,0.00,0.00,2018-10-02,2018-10-08,1
20180925,MI,72.18,27.82,8.67,0.00,0.00,0.00,2018-09-25,2018-10-01,1
20180918,MI,72.18,27.82,8.67,0.00,0.00,0.00,2018-09-18,2018-09-24,1
20180911,MI,72.18,27.82,8.67,0.00,0.00,0.00,2018-09-11,2018-09-17,1
20180904,MI,64.13,35.87,14.96,0.00,0.00,0.00,2018-09-04,2018-09-10,1
20180828,MI,39.98,60.02,24.11,5.36,0.00,0.00,2018-08-28,2018-09-03,1
20180821,MI,35.76,64.24,27.98,5.36,0.00,0.00,2018-08-21,2018-08-27,1
20180814,MI,35.56,64.44,25.92,0.00,0.00,0.00,2018-08-14,2018-08-20,1
20180807,MI,35.45,64.55,21.78,0.00,0.00,0.00,2018-08-07,2018-08-13,1
20180731,MI,30.67,69.33,25.91,0.00,0.00,0.00,2018-07-31,2018-08-06,1
20180724,MI,27.23,72.77,17.92,0.00,0.00,0.00,2018-07-24,2018-07-30,1
20180717,MI,51.03,48.97,9.27,0.00,0.00,0.00,2018-07-17,2018-07-23,1
20180710,MI,59.80,40.20,4.19,0.00,0.00,0.00,2018-07-10,2018-07-16,1
20180703,MI,92.86,7.14,0.00,0.00,0.00,0.00,2018-07-03,2018-07-09,1
20180626,MI,92.86,7.14,0.00,0.00,0.00,0.00,2018-06-26,2018-07-02,1
20180619,MI,99.62,0.38,0.00,0.00,0.00,0.00,2018-06-19,2018-06-25,1
20180612,MI,87.57,12.43,0.00,0.00,0.00,0.00,2018-06-12,2018-06-18,1
20180605,MI,88.92,11.08,0.00,0.00,0.00,0.00,2018-06-05,2018-06-11,1
20180529,MI,85.21,14.79,0.00,0.00,0.00,0.00,2018-05-29,2018-06-04,1
20180522,MI,85.21,14.79,0.00,0.00,0.00,0.00,2018-05-22,2018-05-28,1
20180515,MI,89.14,10.86,0.00,0.00,0.00,0.00,2018-05-15,2018-05-21,1
20180508,MI,95.38,4.62,0.00,0.00,0.00,0.00,2018-05-08,2018-05-14,1
20180501,MI,95.38,4.62,0.00,0.00,0.00,0.00,2018-05-01,2018-05-07,1
20180424,MI,95.38,4.62,0.00,0.00,0.00,0.00,2018-04-24,2018-04-30,1
20180417,MI,95.38,4.62,0.00,0.00,0.00,0.00,2018-04-17,2018-04-23,1
20180410,MI,89.36,10.64,0.00,0.00,0.00,0.00,2018-04-10,2018-04-16,1
20180403,MI,88.01,11.99,0.00,0.00,0.00,0.00,2018-04-03,2018-04-09,1
20180327,MI,83.12,16.88,0.00,0.00,0.00,0.00,2018-03-27,2018-04-02,1
20180320,MI,95.42,4.58,0.00,0.00,0.00,0.00,2018-03-20,2018-03-26,1
20180313,MI,100.00,0.00,0.00,0.00,0.00,0.00,2018-03-13,2018-03-19,1
20180306,MI,100.00,0.00,0.00,0.00,0.00,0.00,2018-03-06,2018-03-12,1
20180227,MI,100.00,0.00,0.00,0.00,0.00,0.00,2018-02-27,2018-03-05,1
20180220,MI,100.00,0.00,0.00,0.00,0.00,0.00,2018-02-20,2018-02-26,1
20180213,MI,100.00,0.00,0.00,0.00,0.00,0.00,2018-02-13,2018-02-19,1
20180206,MI,100.00,0.00,0.00,0.00,0.00,0.00,2018-02-06,2018-02-12,1
20180130,MI,100.00,0.00,0.00,0.00,0.00,0.00,2018-01-30,2018-02-05,1
20180123,MI,100.00,0.00,0.00,0.00,0.00,0.00,2018-01-23,2018-01-29,1
20180116,MI,100.00,0.00,0.00,0.00,0.00,0.00,2018-01-16,2018-01-22,1
20180109,MI,100.00,0.00,0.00,0.00,0.00,0.00,2018-01-09,2018-01-15,1
20180102,MI,100.00,0.00,0.00,0.00,0.00,0.00,2018-01-02,2018-01-08,1
20171226,MI,100.00,0.00,0.00,0.00,0.00,0.00,2017-12-26,2018-01-01,1
20171219,MI,100.00,0.00,0.00,0.00,0.00,0.00,2017-12-19,2017-12-25,1
20171212,MI,100.00,0.00,0.00,0.00,0.00,0.00,2017-12-12,2017-12-18,1
20171205,MI,100.00,0.00,0.00,0.00,0.00,0.00,2017-12-05,2017-12-11,1
20171128,MI,100.00,0.00,0.00,0.00,0.00,0.00,2017-11-28,2017-12-04,1
20171121,MI,100.00,0.00,0.00,0.00,0.00,0.00,2017-11-21,2017-11-27,1
20171114,MI,100.00,0.00,0.00,0.00,0.00,0.00,2017-11-14,2017-11-20,1
20171107,MI,100.00,0.00,0.00,0.00,0.00,0.00,2017-11-07,2017-11-13,1
20171031,MI,98.34,1.66,0.00,0.00,0.00,0.00,2017-10-31,2017-11-06,1
20171024,MI,94.39,5.61,0.00,0.00,0.00,0.00,2017-10-24,2017-10-30,1
20171017,MI,70.82,29.18,2.16,0.00,0.00,0.00,2017-10-17,2017-10-23,1
20171010,MI,56.64,43.36,5.40,0.00,0.00,0.00,2017-10-10,2017-10-16,1
20171003,MI,56.64,43.36,5.40,0.00,0.00,0.00,2017-10-03,2017-10-09,1
20170926,MI,64.66,35.34,5.40,0.00,0.00,0.00,2017-09-26,2017-10-02,1
20170919,MI,67.45,32.55,3.05,0.00,0.00,0.00,2017-09-19,2017-09-25,1
20170912,MI,82.16,17.84,0.00,0.00,0.00,0.00,2017-09-12,2017-09-18,1
20170905,MI,82.16,17.84,0.00,0.00,0.00,0.00,2017-09-05,2017-09-11,1
20170829,MI,81.36,18.64,0.00,0.00,0.00,0.00,2017-08-29,2017-09-04,1
20170822,MI,81.36,18.64,0.00,0.00,0.00,0.00,2017-08-22,2017-08-28,1
20170815,MI,81.36,18.64,0.00,0.00,0.00,0.00,2017-08-15,2017-08-21,1
20170808,MI,94.26,5.74,0.00,0.00,0.00,0.00,2017-08-08,2017-08-14,1
20170801,MI,94.26,5.74,0.00,0.00,0.00,0.00,2017-08-01,2017-08-07,1
20170725,MI,94.26,5.74,0.00,0.00,0.00,0.00,2017-07-25,2017-07-31,1
20170718,MI,94.26,5.74,0.00,0.00,0.00,0.00,2017-07-18,2017-07-24,1
20170711,MI,94.26,5.74,0.00,0.00,0.00,0.00,2017-07-11,2017-07-17,1
20170704,MI,92.36,7.64,0.00,0.00,0.00,0.00,2017-07-04,2017-07-10,1
20170627,MI,92.36,7.64,0.00,0.00,0.00,0.00,2017-06-27,2017-07-03,1
20170620,MI,92.36,7.64,0.00,0.00,0.00,0.00,2017-06-20,2017-06-26,1
20170613,MI,87.01,12.99,0.00,0.00,0.00,0.00,2017-06-13,2017-06-19,1
20170606,MI,100.00,0.00,0.00,0.00,0.00,0.00,2017-06-06,2017-06-12,1
20170530,MI,100.00,0.00,0.00,0.00,0.00,0.00,2017-05-30,2017-06-05,1
20170523,MI,100.00,0.00,0.00,0.00,0.00,0.00,2017-05-23,2017-05-29,1
20170516,MI,100.00,0.00,0.00,0.00,0.00,0.00,2017-05-16,2017-05-22,1
20170509,MI,100.00,0.00,0.00,0.00,0.00,0.00,2017-05-09,2017-05-15,1
20170502,MI,100.00,0.00,0.00,0.00,0.00,0.00,2017-05-02,2017-05-08,1
20170425,MI,100.00,0.00,0.00,0.00,0.00,0.00,2017-04-25,2017-05-01,1
20170418,MI,100.00,0.00,0.00,0.00,0.00,0.00,2017-04-18,2017-04-24,1
20170411,MI,100.00,0.00,0.00,0.00,0.00,0.00,2017-04-11,2017-04-17,1
20170404,MI,100.00,0.00,0.00,0.00,0.00,0.00,2017-04-04,2017-04-10,1
20170328,MI,100.00,0.00,0.00,0.00,0.00,0.00,2017-03-28,2017-04-03,1
20170321,MI,100.00,0.00,0.00,0.00,0.00,0.00,2017-03-21,2017-03-27,1
20170314,MI,100.00,0.00,0.00,0.00,0.00,0.00,2017-03-14,2017-03-20,1
20170307,MI,100.00,0.00,0.00,0.00,0.00,0.00,2017-03-07,2017-03-13,1
20170228,MI,100.00,0.00,0.00,0.00,0.00,0.00,2017-02-28,2017-03-06,1
20170221,MI,100.00,0.00,0.00,0.00,0.00,0.00,2017-02-21,2017-02-27,1
20170214,MI,100.00,0.00,0.00,0.00,0.00,0.00,2017-02-14,2017-02-20,1
20170207,MI,100.00,0.00,0.00,0.00,0.00,0.00,2017-02-07,2017-02-13,1
20170131,MI,100.00,0.00,0.00,0.00,0.00,0.00,2017-01-31,2017-02-06,1
20170124,MI,100.00,0.00,0.00,0.00,0.00,0.00,2017-01-24,2017-01-30,1
20170117,MI,100.00,0.00,0.00,0.00,0.00,0.00,2017-01-17,2017-01-23,1
20170110,MI,100.00,0.00,0.00,0.00,0.00,0.00,2017-01-10,2017-01-16,1
20170103,MI,100.00,0.00,0.00,0.00,0.00,0.00,2017-01-03,2017-01-09,1
20161227,MI,100.00,0.00,0.00,0.00,0.00,0.00,2016-12-27,2017-01-02,1
20161220,MI,100.00,0.00,0.00,0.00,0.00,0.00,2016-12-20,2016-12-26,1
20161213,MI,100.00,0.00,0.00,0.00,0.00,0.00,2016-12-13,2016-12-19,1
20161206,MI,100.00,0.00,0.00,0.00,0.00,0.00,2016-12-06,2016-12-12,1
20161129,MI,100.00,0.00,0.00,0.00,0.00,0.00,2016-11-29,2016-12-05,1
20161122,MI,100.00,0.00,0.00,0.00,0.00,0.00,2016-11-22,2016-11-28,1
20161115,MI,100.00,0.00,0.00,0.00,0.00,0.00,2016-11-15,2016-11-21,1
20161108,MI,100.00,0.00,0.00,0.00,0.00,0.00,2016-11-08,2016-11-14,1
20161101,MI,100.00,0.00,0.00,0.00,0.00,0.00,2016-11-01,2016-11-07,1
20161025,MI,100.00,0.00,0.00,0.00,0.00,0.00,2016-10-25,2016-10-31,1
20161018,MI,96.36,3.64,0.00,0.00,0.00,0.00,2016-10-18,2016-10-24,1
20161011,MI,96.36,3.64,0.00,0.00,0.00,0.00,2016-10-11,2016-10-17,1
20161004,MI,96.36,3.64,0.00,0.00,0.00,0.00,2016-10-04,2016-10-10,1
20160927,MI,88.39,11.61,0.33,0.00,0.00,0.00,2016-09-27,2016-10-03,1
20160920,MI,88.39,11.61,0.33,0.00,0.00,0.00,2016-09-20,2016-09-26,1
20160913,MI,88.36,11.64,0.33,0.00,0.00,0.00,2016-09-13,2016-09-19,1
20160906,MI,68.15,31.85,0.48,0.00,0.00,0.00,2016-09-06,2016-09-12,1
20160830,MI,68.15,31.85,0.48,0.00,0.00,0.00,2016-08-30,2016-09-05,1
20160823,MI,68.20,31.80,0.48,0.00,0.00,0.00,2016-08-23,2016-08-29,1
20160816,MI,63.07,36.93,0.48,0.00,0.00,0.00,2016-08-16,2016-08-22,1
20160809,MI,40.21,59.79,13.28,0.48,0.00,0.00,2016-08-09,2016-08-15,1
20160802,MI,38.91,61.09,13.65,0.00,0.00,0.00,2016-08-02,2016-08-08,1
20160726,MI,38.55,61.45,16.35,0.00,0.00,0.00,2016-07-26,2016-08-01,1
20160719,MI,32.04,67.96,17.01,0.00,0.00,0.00,2016-07-19,2016-07-25,1
20160712,MI,32.04,67.96,16.84,0.00,0.00,0.00,2016-07-12,2016-07-18,1
20160705,MI,31.72,68.28,16.12,0.00,0.00,0.00,2016-07-05,2016-07-11,1
20160628,MI,68.53,31.47,0.00,0.00,0.00,0.00,2016-06-28,2016-07-04,1
20160621,MI,86.98,13.02,0.00,0.00,0.00,0.00,2016-06-21,2016-06-27,1
20160614,MI,93.22,6.78,0.00,0.00,0.00,0.00,2016-06-14,2016-06-20,1
20160607,MI,94.24,5.76,0.00,0.00,0.00,0.00,2016-06-07,2016-06-13,1
20160531,MI,97.78,2.22,0.00,0.00,0.00,0.00,2016-05-31,2016-06-06,1
20160524,MI,100.00,0.00,0.00,0.00,0.00,0.00,2016-05-24,2016-05-30,1
20160517,MI,100.00,0.00,0.00,0.00,0.00,0.00,2016-05-17,2016-05-23,1
20160510,MI,100.00,0.00,0.00,0.00,0.00,0.00,2016-05-10,2016-05-16,1
20160503,MI,100.00,0.00,0.00,0.00,0.00,0.00,2016-05-03,2016-05-09,1
20160426,MI,100.00,0.00,0.00,0.00,0.00,0.00,2016-04-26,2016-05-02,1
20160419,MI,100.00,0.00,0.00,0.00,0.00,0.00,2016-04-19,2016-04-25,1
20160412,MI,100.00,0.00,0.00,0.00,0.00,0.00,2016-04-12,2016-04-18,1
20160405,MI,100.00,0.00,0.00,0.00,0.00,0.00,2016-04-05,2016-04-11,1
20160329,MI,100.00,0.00,0.00,0.00,0.00,0.00,2016-03-29,2016-04-04,1
20160322,MI,100.00,0.00,0.00,0.00,0.00,0.00,2016-03-22,2016-03-28,1
20160315,MI,100.00,0.00,0.00,0.00,0.00,0.00,2016-03-15,2016-03-21,1
20160308,MI,100.00,0.00,0.00,0.00,0.00,0.00,2016-03-08,2016-03-14,1
20160301,MI,100.00,0.00,0.00,0.00,0.00,0.00,2016-03-01,2016-03-07,1
20160223,MI,100.00,0.00,0.00,0.00,0.00,0.00,2016-02-23,2016-02-29,1
20160216,MI,100.00,0.00,0.00,0.00,0.00,0.00,2016-02-16,2016-02-22,1
20160209,MI,100.00,0.00,0.00,0.00,0.00,0.00,2016-02-09,2016-02-15,1
20160202,MI,90.99,9.01,0.00,0.00,0.00,0.00,2016-02-02,2016-02-08,1
20160126,MI,91.18,8.82,0.00,0.00,0.00,0.00,2016-01-26,2016-02-01,1
20160119,MI,91.18,8.82,0.00,0.00,0.00,0.00,2016-01-19,2016-01-25,1
20160112,MI,91.18,8.82,0.00,0.00,0.00,0.00,2016-01-12,2016-01-18,1
20160105,MI,81.08,18.92,0.00,0.00,0.00,0.00,2016-01-05,2016-01-11,1
20151229,MI,74.84,25.16,10.93,0.00,0.00,0.00,2015-12-29,2016-01-04,1
20151222,MI,74.84,25.16,10.93,0.00,0.00,0.00,2015-12-22,2015-12-28,1
20151215,MI,74.84,25.16,10.93,0.00,0.00,0.00,2015-12-15,2015-12-21,1
20151208,MI,69.39,30.61,10.93,0.00,0.00,0.00,2015-12-08,2015-12-14,1
20151201,MI,41.24,58.76,15.85,0.00,0.00,0.00,2015-12-01,2015-12-07,1
20151124,MI,41.24,58.76,15.85,0.00,0.00,0.00,2015-11-24,2015-11-30,1
20151117,MI,41.24,58.76,15.85,0.00,0.00,0.00,2015-11-17,2015-11-23,1
20151110,MI,41.24,58.76,15.85,0.00,0.00,0.00,2015-11-10,2015-11-16,1
20151103,MI,33.66,66.34,18.13,0.00,0.00,0.00,2015-11-03,2015-11-09,1
20151027,MI,30.17,69.83,18.82,0.00,0.00,0.00,2015-10-27,2015-11-02,1
20151020,MI,30.68,69.32,7.31,0.00,0.00,0.00,2015-10-20,2015-10-26,1
20151013,MI,61.49,38.51,0.00,0.00,0.00,0.00,2015-10-13,2015-10-19,1
20151006,MI,61.49,38.51,0.00,0.00,0.00,0.00,2015-10-06,2015-10-12,1
20150929,MI,81.86,18.14,0.00,0.00,0.00,0.00,2015-09-29,2015-10-05,1
20150922,MI,81.67,18.33,0.00,0.00,0.00,0.00,2015-09-22,2015-09-28,1
20150915,MI,81.67,18.33,0.00,0.00,0.00,0.00,2015-09-15,2015-09-21,1
20150908,MI,81.67,18.33,0.00,0.00,0.00,0.00,2015-09-08,2015-09-14,1
20150901,MI,76.43,23.57,0.00,0.00,0.00,0.00,2015-09-01,2015-09-07,1
20150825,MI,76.49,23.51,0.00,0.00,0.00,0.00,2015-08-25,2015-08-31,1
20150818,MI,76.61,23.39,0.00,0.00,0.00,0.00,2015-08-18,2015-08-24,1
20150811,MI,88.74,11.26,0.00,0.00,0.00,0.00,2015-08-11,2015-08-17,1
20150804,MI,81.22,18.78,0.00,0.00,0.00,0.00,2015-08-04,2015-08-10,1
20150728,MI,81.22,18.78,0.00,0.00,0.00,0.00,2015-07-28,2015-08-03,1
20150721,MI,90.52,9.48,0.00,0.00,0.00,0.00,2015-07-21,2015-07-27,1
20150714,MI,90.52,9.48,0.00,0.00,0.00,0.00,2015-07-14,2015-07-20,1
20150707,MI,90.52,9.48,0.00,0.00,0.00,0.00,2015-07-07,2015-07-13,1
20150630,MI,90.52,9.48,0.00,0.00,0.00,0.00,2015-06-30,2015-07-06,1
20150623,MI,90.09,9.91,0.00,0.00,0.00,0.00,2015-06-23,2015-06-29,1
20150616,MI,81.04,18.96,0.00,0.00,0.00,0.00,2015-06-16,2015-06-22,1
20150609,MI,81.04,18.96,0.00,0.00,0.00,0.00,2015-06-09,2015-06-15,1
20150602,MI,80.29,19.71,0.00,0.00,0.00,0.00,2015-06-02,2015-06-08,1
20150526,MI,17.32,82.68,0.00,0.00,0.00,0.00,2015-05-26,2015-06-01,1
20150519,MI,17.48,82.52,0.61,0.00,0.00,0.00,2015-05-19,2015-05-25,1
20150512,MI,17.48,82.52,0.61,0.00,0.00,0.00,2015-05-12,2015-05-18,1
20150505,MI,36.37,63.63,0.61,0.00,0.00,0.00,2015-05-05,2015-05-11,1
20150428,MI,36.37,63.63,0.61,0.00,0.00,0.00,2015-04-28,2015-05-04,1
20150421,MI,36.37,63.63,0.63,0.00,0.00,0.00,2015-04-21,2015-04-27,1
20150414,MI,36.37,63.63,0.63,0.00,0.00,0.00,2015-04-14,2015-04-20,1
20150407,MI,32.49,67.51,0.63,0.00,0.00,0.00,2015-04-07,2015-04-13,1
20150331,MI,41.03,58.97,0.63,0.00,0.00,0.00,2015-03-31,2015-04-06,1
20150324,MI,67.59,32.41,0.00,0.00,0.00,0.00,2015-03-24,2015-03-30,1
20150317,MI,98.98,1.02,0.00,0.00,0.00,0.00,2015-03-17,2015-03-23,1
20150310,MI,98.97,1.03,0.00,0.00,0.00,0.00,2015-03-10,2015-03-16,1
20150303,MI,100.00,0.00,0.00,0.00,0.00,0.00,2015-03-03,2015-03-09,1
20150224,MI,100.00,0.00,0.00,0.00,0.00,0.00,2015-02-24,2015-03-02,1
20150217,MI,100.00,0.00,0.00,0.00,0.00,0.00,2015-02-17,2015-02-23,1
20150210,MI,100.00,0.00,0.00,0.00,0.00,0.00,2015-02-10,2015-02-16,1
20150203,MI,100.00,0.00,0.00,0.00,0.00,0.00,2015-02-03,2015-02-09,1
20150127,MI,99.91,0.09,0.00,0.00,0.00,0.00,2015-01-27,2015-02-02,1
20150120,MI,100.00,0.00,0.00,0.00,0.00,0.00,2015-01-20,2015-01-26,1
20150113,MI,100.00,0.00,0.00,0.00,0.00,0.00,2015-01-13,2015-01-19,1
20150106,MI,100.00,0.00,0.00,0.00,0.00,0.00,2015-01-06,2015-01-12,1
20141230,MI,100.00,0.00,0.00,0.00,0.00,0.00,2014-12-30,2015-01-05,1
20141223,MI,100.00,0.00,0.00,0.00,0.00,0.00,2014-12-23,2014-12-29,1
20141216,MI,100.00,0.00,0.00,0.00,0.00,0.00,2014-12-16,2014-12-22,1
20141209,MI,100.00,0.00,0.00,0.00,0.00,0.00,2014-12-09,2014-12-15,1
20141202,MI,100.00,0.00,0.00,0.00,0.00,0.00,2014-12-02,2014-12-08,1
20141125,MI,100.00,0.00,0.00,0.00,0.00,0.00,2014-11-25,2014-12-01,1
20141118,MI,97.84,2.16,0.00,0.00,0.00,0.00,2014-11-18,2014-11-24,1
20141111,MI,97.84,2.16,0.00,0.00,0.00,0.00,2014-11-11,2014-11-17,1
20141104,MI,97.64,2.36,0.00,0.00,0.00,0.00,2014-11-04,2014-11-10,1
20141028,MI,97.64,2.36,0.00,0.00,0.00,0.00,2014-10-28,2014-11-03,1
20141021,MI,97.64,2.36,0.00,0.00,0.00,0.00,2014-10-21,2014-10-27,1
20141014,MI,97.64,2.36,0.00,0.00,0.00,0.00,2014-10-14,2014-10-20,1
20141007,MI,97.64,2.36,0.00,0.00,0.00,0.00,2014-10-07,2014-10-13,1
20140930,MI,97.64,2.36,0.00,0.00,0.00,0.00,2014-09-30,2014-10-06,1
20140923,MI,97.64,2.36,0.00,0.00,0.00,0.00,2014-09-23,2014-09-29,1
20140916,MI,97.64,2.36,0.00,0.00,0.00,0.00,2014-09-16,2014-09-22,1
20140909,MI,97.56,2.44,0.00,0.00,0.00,0.00,2014-09-09,2014-09-15,1
20140902,MI,94.63,5.37,0.00,0.00,0.00,0.00,2014-09-02,2014-09-08,1
20140826,MI,88.65,11.35,0.00,0.00,0.00,0.00,2014-08-26,2014-09-01,1
20140819,MI,91.86,8.14,0.00,0.00,0.00,0.00,2014-08-19,2014-08-25,1
20140812,MI,91.86,8.14,0.00,0.00,0.00,0.00,2014-08-12,2014-08-18,1
20140805,MI,94.08,5.92,0.00,0.00,0.00,0.00,2014-08-05,2014-08-11,1
20140729,MI,100.00,0.00,0.00,0.00,0.00,0.00,2014-07-29,2014-08-04,1
20140722,MI,100.00,0.00,0.00,0.00,0.00,0.00,2014-07-22,2014-07-28,1
20140715,MI,100.00,0.00,0.00,0.00,0.00,0.00,2014-07-15,2014-07-21,1
20140708,MI,100.00,0.00,0.00,0.00,0.00,0.00,2014-07-08,2014-07-14,1
20140701,MI,100.00,0.00,0.00,0.00,0.00,0.00,2014-07-01,2014-07-07,1
20140624,MI,100.00,0.00,0.00,0.00,0.00,0.00,2014-06-24,2014-06-30,1
20140617,MI,100.00,0.00,0.00,0.00,0.00,0.00,2014-06-17,2014-06-23,1
20140610,MI,100.00,0.00,0.00,0.00,0.00,0.00,2014-06-10,2014-06-16,1
20140603,MI,100.00,0.00,0.00,0.00,0.00,0.00,2014-06-03,2014-06-09,1
20140527,MI,100.00,0.00,0.00,0.00,0.00,0.00,2014-05-27,2014-06-02,1
20140520,MI,100.00,0.00,0.00,0.00,0.00,0.00,2014-05-20,2014-05-26,1
20140513,MI,100.00,0.00,0.00,0.00,0.00,0.00,2014-05-13,2014-05-19,1
20140506,MI,100.00,0.00,0.00,0.00,0.00,0.00,2014-05-06,2014-05-12,1
20140429,MI,100.00,0.00,0.00,0.00,0.00,0.00,2014-04-29,2014-05-05,1
20140422,MI,100.00,0.00,0.00,0.00,0.00,0.00,2014-04-22,2014-04-28,1
20140415,MI,100.00,0.00,0.00,0.00,0.00,0.00,2014-04-15,2014-04-21,1
20140408,MI,100.00,0.00,0.00,0.00,0.00,0.00,2014-04-08,2014-04-14,1
20140401,MI,100.00,0.00,0.00,0.00,0.00,0.00,2014-04-01,2014-04-07,1
20140325,MI,100.00,0.00,0.00,0.00,0.00,0.00,2014-03-25,2014-03-31,1
20140318,MI,100.00,0.00,0.00,0.00,0.00,0.00,2014-03-18,2014-03-24,1
20140311,MI,100.00,0.00,0.00,0.00,0.00,0.00,2014-03-11,2014-03-17,1
20140304,MI,100.00,0.00,0.00,0.00,0.00,0.00,2014-03-04,2014-03-10,1
20140225,MI,100.00,0.00,0.00,0.00,0.00,0.00,2014-02-25,2014-03-03,1
20140218,MI,100.00,0.00,0.00,0.00,0.00,0.00,2014-02-18,2014-02-24,1
20140211,MI,100.00,0.00,0.00,0.00,0.00,0.00,2014-02-11,2014-02-17,1
20140204,MI,100.00,0.00,0.00,0.00,0.00,0.00,2014-02-04,2014-02-10,1
20140128,MI,100.00,0.00,0.00,0.00,0.00,0.00,2014-01-28,2014-02-03,1
20140121,MI,100.00,0.00,0.00,0.00,0.00,0.00,2014-01-21,2014-01-27,1
20140114,MI,100.00,0.00,0.00,0.00,0.00,0.00,2014-01-14,2014-01-20,1
20140107,MI,100.00,0.00,0.00,0.00,0.00,0.00,2014-01-07,2014-01-13,1
20131231,MI,100.00,0.00,0.00,0.00,0.00,0.00,2013-12-31,2014-01-06,1
20131224,MI,100.00,0.00,0.00,0.00,0.00,0.00,2013-12-24,2013-12-30,1
20131217,MI,91.30,8.70,0.00,0.00,0.00,0.00,2013-12-17,2013-12-23,1
20131210,MI,91.30,8.70,0.00,0.00,0.00,0.00,2013-12-10,2013-12-16,1
20131203,MI,91.30,8.70,0.00,0.00,0.00,0.00,2013-12-03,2013-12-09,1
20131126,MI,91.30,8.70,0.00,0.00,0.00,0.00,2013-11-26,2013-12-02,1
20131119,MI,91.30,8.70,0.00,0.00,0.00,0.00,2013-11-19,2013-11-25,1
20131112,MI,69.53,30.47,0.00,0.00,0.00,0.00,2013-11-12,2013-11-18,1
20131105,MI,69.55,30.45,0.00,0.00,0.00,0.00,2013-11-05,2013-11-11,1
20131029,MI,69.56,30.44,0.00,0.00,0.00,0.00,2013-10-29,2013-11-04,1
20131022,MI,61.63,38.37,0.00,0.00,0.00,0.00,2013-10-22,2013-10-28,1
20131015,MI,61.58,38.42,0.00,0.00,0.00,0.00,2013-10-15,2013-10-21,1
20131008,MI,61.36,38.64,0.00,0.00,0.00,0.00,2013-10-08,2013-10-14,1
20131001,MI,58.45,41.55,0.00,0.00,0.00,0.00,2013-10-01,2013-10-07,1
20130924,MI,80.55,19.45,0.00,0.00,0.00,0.00,2013-09-24,2013-09-30,1
20130917,MI,79.97,20.03,0.00,0.00,0.00,0.00,2013-09-17,2013-09-23,1
20130910,MI,83.98,16.02,0.00,0.00,0.00,0.00,2013-09-10,2013-09-16,1
20130903,MI,84.00,16.00,0.00,0.00,0.00,0.00,2013-09-03,2013-09-09,1
20130827,MI,85.49,14.51,0.00,0.00,0.00,0.00,2013-08-27,2013-09-02,1
20130820,MI,85.49,14.51,0.00,0.00,0.00,0.00,2013-08-20,2013-08-26,1
20130813,MI,100.00,0.00,0.00,0.00,0.00,0.00,2013-08-13,2013-08-19,1
20130806,MI,100.00,0.00,0.00,0.00,0.00,0.00,2013-08-06,2013-08-12,1
20130730,MI,100.00,0.00,0.00,0.00,0.00,0.00,2013-07-30,2013-08-05,1
20130723,MI,100.00,0.00,0.00,0.00,0.00,0.00,2013-07-23,2013-07-29,1
20130716,MI,100.00,0.00,0.00,0.00,0.00,0.00,2013-07-16,2013-07-22,1
20130709,MI,100.00,0.00,0.00,0.00,0.00,0.00,2013-07-09,2013-07-15,1
20130702,MI,100.00,0.00,0.00,0.00,0.00,0.00,2013-07-02,2013-07-08,1
20130625,MI,100.00,0.00,0.00,0.00,0.00,0.00,2013-06-25,2013-07-01,1
20130618,MI,100.00,0.00,0.00,0.00,0.00,0.00,2013-06-18,2013-06-24,1
20130611,MI,100.00,0.00,0.00,0.00,0.00,0.00,2013-06-11,2013-06-17,1
20130604,MI,100.00,0.00,0.00,0.00,0.00,0.00,2013-06-04,2013-06-10,1
20130528,MI,100.00,0.00,0.00,0.00,0.00,0.00,2013-05-28,2013-06-03,1
20130521,MI,100.00,0.00,0.00,0.00,0.00,0.00,2013-05-21,2013-05-27,1
20130514,MI,100.00,0.00,0.00,0.00,0.00,0.00,2013-05-14,2013-05-20,1
20130507,MI,100.00,0.00,0.00,0.00,0.00,0.00,2013-05-07,2013-05-13,1
20130430,MI,99.34,0.66,0.00,0.00,0.00,0.00,2013-04-30,2013-05-06,1
20130423,MI,99.34,0.66,0.00,0.00,0.00,0.00,2013-04-23,2013-04-29,1
20130416,MI,98.76,1.24,0.00,0.00,0.00,0.00,2013-04-16,2013-04-22,1
20130409,MI,94.53,5.47,1.24,0.00,0.00,0.00,2013-04-09,2013-04-15,1
20130402,MI,85.06,14.94,1.24,0.00,0.00,0.00,2013-04-02,2013-04-08,1
20130326,MI,85.06,14.94,1.24,0.00,0.00,0.00,2013-03-26,2013-04-01,1
20130319,MI,85.06,14.94,1.24,0.00,0.00,0.00,2013-03-19,2013-03-25,1
20130312,MI,85.06,14.94,1.24,0.00,0.00,0.00,2013-03-12,2013-03-18,1
20130305,MI,80.93,19.07,1.19,0.00,0.00,0.00,2013-03-05,2013-03-11,1
20130226,MI,59.99,40.01,1.29,0.00,0.00,0.00,2013-02-26,2013-03-04,1
20130219,MI,59.99,40.01,1.28,0.00,0.00,0.00,2013-02-19,2013-02-25,1
20130212,MI,59.99,40.01,1.28,0.00,0.00,0.00,2013-02-12,2013-02-18,1
20130205,MI,60.11,39.89,1.28,0.00,0.00,0.00,2013-02-05,2013-02-11,1
20130129,MI,60.11,39.89,2.43,0.00,0.00,0.00,2013-01-29,2013-02-04,1
20130122,MI,60.11,39.89,2.43,0.00,0.00,0.00,2013-01-22,2013-01-28,1
20130115,MI,60.11,39.89,3.61,0.00,0.00,0.00,2013-01-15,2013-01-21,1
20130108,MI,60.07,39.93,3.61,0.00,0.00,0.00,2013-01-08,2013-01-14,1
20130101,MI,60.32,39.68,3.42,0.00,0.00,0.00,2013-01-01,2013-01-07,1
20121225,MI,60.32,39.68,3.42,0.00,0.00,0.00,2012-12-25,2012-12-31,1
20121218,MI,60.32,39.68,3.42,0.00,0.00,0.00,2012-12-18,2012-12-24,1
20121211,MI,60.32,39.68,3.42,0.00,0.00,0.00,2012-12-11,2012-12-17,1
20121204,MI,60.56,39.44,3.42,0.00,0.00,0.00,2012-12-04,2012-12-10,1
20121127,MI,60.56,39.44,3.54,0.00,0.00,0.00,2012-11-27,2012-12-03,1
20121120,MI,70.48,29.52,0.09,0.00,0.00,0.00,2012-11-20,2012-11-26,1
20121113,MI,70.48,29.52,0.09,0.00,0.00,0.00,2012-11-13,2012-11-19,1
20121106,MI,70.48,29.52,0.09,0.00,0.00,0.00,2012-11-06,2012-11-12,1
20121030,MI,62.43,37.57,2.11,0.00,0.00,0.00,2012-10-30,2012-11-05,1
20121023,MI,56.28,43.72,3.84,0.00,0.00,0.00,2012-10-23,2012-10-29,1
20121016,MI,50.79,49.21,4.08,0.00,0.00,0.00,2012-10-16,2012-10-22,1
20121009,MI,10.59,89.41,11.02,0.00,0.00,0.00,2012-10-09,2012-10-15,1
20121002,MI,23.46,76.54,7.70,0.00,0.00,0.00,2012-10-02,2012-10-08,1
20120925,MI,23.46,76.54,7.70,0.00,0.00,0.00,2012-09-25,2012-10-01,1
20120918,MI,8.38,91.62,8.88,0.00,0.00,0.00,2012-09-18,2012-09-24,1
20120911,MI,8.46,91.54,8.66,0.00,0.00,0.00,2012-09-11,2012-09-17,1
20120904,MI,8.47,91.53,8.67,0.00,0.00,0.00,2012-09-04,2012-09-10,1
20120828,MI,13.83,86.17,14.36,0.00,0.00,0.00,2012-08-28,2012-09-03,1
20120821,MI,13.84,86.16,29.93,4.22,0.00,0.00,2012-08-21,2012-08-27,1
20120814,MI,8.78,91.22,29.93,4.22,0.00,0.00,2012-08-14,2012-08-20,1
20120807,MI,8.84,91.16,43.02,23.47,1.24,0.00,2012-08-07,2012-08-13,1
20120731,MI,8.84,91.16,43.02,23.57,1.34,0.00,2012-07-31,2012-08-06,1
20120724,MI,8.84,91.16,43.02,24.51,1.13,0.00,2012-07-24,2012-07-30,1
20120717,MI,17.98,82.02,38.31,21.31,1.13,0.00,2012-07-17,2012-07-23,1
20120710,MI,20.80,79.20,24.17,2.04,0.00,0.00,2012-07-10,2012-07-16,1
20120703,MI,51.61,48.39,8.36,0.07,0.00,0.00,2012-07-03,2012-07-09,1
20120626,MI,51.83,48.17,8.27,0.07,0.00,0.00,2012-06-26,2012-07-02,1
20120619,MI,43.41,56.59,17.06,0.07,0.00,0.00,2012-06-19,2012-06-25,1
20120612,MI,59.80,40.20,12.34,0.00,0.00,0.00,2012-06-12,2012-06-18,1
20120605,MI,67.07,32.93,12.23,0.00,0.00,0.00,2012-06-05,2012-06-11,1
20120529,MI,66.54,33.46,16.62,0.00,0.00,0.00,2012-05-29,2012-06-04,1
20120522,MI,72.58,27.42,5.90,0.00,0.00,0.00,2012-05-22,2012-05-28,1
20120515,MI,72.58,27.42,5.90,0.00,0.00,0.00,2012-05-15,2012-05-21,1
20120508,MI,72.58,27.42,5.90,0.00,0.00,0.00,2012-05-08,2012-05-14,1
20120501,MI,77.58,22.42,8.24,0.00,0.00,0.00,2012-05-01,2012-05-07,1
20120424,MI,77.58,22.42,2.80,0.00,0.00,0.00,2012-04-24,2012-04-30,1
20120417,MI,77.58,22.42,2.80,0.00,0.00,0.00,2012-04-17,2012-04-23,1
20120410,MI,77.58,22.42,2.80,0.00,0.00,0.00,2012-04-10,2012-04-16,1
20120403,MI,85.64,14.36,2.80,0.00,0.00,0.00,2012-04-03,2012-04-09,1
20120327,MI,85.64,14.36,2.80,0.00,0.00,0.00,2012-03-27,2012-04-02,1
20120320,MI,85.64,14.36,2.80,0.00,0.00,0.00,2012-03-20,2012-03-26,1
20120313,MI,85.64,14.36,2.80,0.00,0.00,0.00,2012-03-13,2012-03-19,1
20120306,MI,85.64,14.36,2.80,0.00,0.00,0.00,2012-03-06,2012-03-12,1
20120228,MI,85.64,14.36,2.80,0.00,0.00,0.00,2012-02-28,2012-03-05,1
20120221,MI,85.64,14.36,2.80,0.00,0.00,0.00,2012-02-21,2012-02-27,1
20120214,MI,85.64,14.36,2.80,0.00,0.00,0.00,2012-02-14,2012-02-20,1
20120207,MI,85.64,14.36,2.80,0.00,0.00,0.00,2012-02-07,2012-02-13,1
20120131,MI,85.64,14.36,2.80,0.00,0.00,0.00,2012-01-31,2012-02-06,1
20120124,MI,85.64,14.36,2.80,0.00,0.00,0.00,2012-01-24,2012-01-30,1
20120117,MI,85.64,14.36,2.80,0.00,0.00,0.00,2012-01-17,2012-01-23,1
20120110,MI,85.64,14.36,2.80,0.00,0.00,0.00,2012-01-10,2012-01-16,1
20120103,MI,85.64,14.36,2.80,0.00,0.00,0.00,2012-01-03,2012-01-09,1
20111227,MI,85.65,14.35,2.42,0.00,0.00,0.00,2011-12-27,2012-01-02,1
20111220,MI,85.65,14.35,2.42,0.00,0.00,0.00,2011-12-20,2011-12-26,1
20111213,MI,85.65,14.35,2.42,0.00,0.00,0.00,2011-12-13,2011-12-19,1
20111206,MI,86.69,13.31,2.42,0.00,0.00,0.00,2011-12-06,2011-12-12,1
20111129,MI,86.69,13.31,2.42,0.00,0.00,0.00,2011-11-29,2011-12-05,1
20111122,MI,86.69,13.31,2.42,0.00,0.00,0.00,2011-11-22,2011-11-28,1
20111115,MI,86.69,13.31,2.42,0.00,0.00,0.00,2011-11-15,2011-11-21,1
20111108,MI,86.69,13.31,2.42,0.00,0.00,0.00,2011-11-08,2011-11-14,1
20111101,MI,86.69,13.31,2.42,0.00,0.00,0.00,2011-11-01,2011-11-07,1
20111025,MI,86.69,13.31,2.42,0.00,0.00,0.00,2011-10-25,2011-10-31,1
20111018,MI,86.69,13.31,2.42,0.00,0.00,0.00,2011-10-18,2011-10-24,1
20111011,MI,78.59,21.41,3.35,0.49,0.00,0.00,2011-10-11,2011-10-17,1
20111004,MI,78.96,21.04,3.35,0.49,0.00,0.00,2011-10-04,2011-10-10,1
20110927,MI,67.13,32.87,6.55,2.27,0.00,0.00,2011-09-27,2011-10-03,1
20110920,MI,64.10,35.90,6.55,2.27,0.00,0.00,2011-09-20,2011-09-26,1
20110913,MI,64.10,35.90,6.55,1.55,0.00,0.00,2011-09-13,2011-09-19,1
20110906,MI,67.86,32.14,3.80,0.00,0.00,0.00,2011-09-06,2011-09-12,1
20110830,MI,67.57,32.43,3.80,0.00,0.00,0.00,2011-08-30,2011-09-05,1
20110823,MI,72.05,27.95,2.72,0.00,0.00,0.00,2011-08-23,2011-08-29,1
20110816,MI,72.05,27.95,2.72,0.00,0.00,0.00,2011-08-16,2011-08-22,1
20110809,MI,67.07,32.93,0.00,0.00,0.00,0.00,2011-08-09,2011-08-15,1
20110802,MI,67.07,32.93,0.00,0.00,0.00,0.00,2011-08-02,2011-08-08,1
20110726,MI,48.88,51.12,0.00,0.00,0.00,0.00,2011-07-26,2011-08-01,1
20110719,MI,92.38,7.62,0.00,0.00,0.00,0.00,2011-07-19,2011-07-25,1
20110712,MI,100.00,0.00,0.00,0.00,0.00,0.00,2011-07-12,2011-07-18,1
20110705,MI,99.12,0.88,0.00,0.00,0.00,0.00,2011-07-05,2011-07-11,1
20110628,MI,99.12,0.88,0.00,0.00,0.00,0.00,2011-06-28,2011-07-04,1
20110621,MI,97.04,2.96,0.00,0.00,0.00,0.00,2011-06-21,2011-06-27,1
20110614,MI,97.04,2.96,0.00,0.00,0.00,0.00,2011-06-14,2011-06-20,1
20110607,MI,97.04,2.96,0.00,0.00,0.00,0.00,2011-06-07,2011-06-13,1
20110531,MI,97.04,2.96,0.00,0.00,0.00,0.00,2011-05-31,2011-06-06,1
20110524,MI,97.04,2.96,0.00,0.00,0.00,0.00,2011-05-24,2011-05-30,1
20110517,MI,97.04,2.96,0.00,0.00,0.00,0.00,2011-05-17,2011-05-23,1
20110510,MI,62.68,37.32,0.00,0.00,0.00,0.00,2011-05-10,2011-05-16,1
20110503,MI,62.68,37.32,0.00,0.00,0.00,0.00,2011-05-03,2011-05-09,1
20110426,MI,62.68,37.32,21.29,0.00,0.00,0.00,2011-04-26,2011-05-02,1
20110419,MI,60.11,39.89,21.29,0.00,0.00,0.00,2011-04-19,2011-04-25,1
20110412,MI,58.99,41.01,21.69,0.00,0.00,0.00,2011-04-12,2011-04-18,1
20110405,MI,59.06,40.94,21.37,0.00,0.00,0.00,2011-04-05,2011-04-11,1
20110329,MI,59.06,40.94,21.37,0.00,0.00,0.00,2011-03-29,2011-04-04,1
20110322,MI,59.06,40.94,0.00,0.00,0.00,0.00,2011-03-22,2011-03-28,1
20110315,MI,58.82,41.18,0.00,0.00,0.00,0.00,2011-03-15,2011-03-21,1
20110308,MI,58.82,41.18,0.00,0.00,0.00,0.00,2011-03-08,2011-03-14,1
20110301,MI,58.82,41.18,0.00,0.00,0.00,0.00,2011-03-01,2011-03-07,1
20110222,MI,75.74,24.26,0.00,0.00,0.00,0.00,2011-02-22,2011-02-28,1
20110215,MI,73.39,26.61,0.18,0.00,0.00,0.00,2011-02-15,2011-02-21,1
20110208,MI,73.39,26.61,0.18,0.00,0.00,0.00,2011-02-08,2011-02-14,1
20110201,MI,73.39,26.61,0.18,0.00,0.00,0.00,2011-02-01,2011-02-07,1
20110125,MI,94.62,5.38,0.18,0.00,0.00,0.00,2011-01-25,2011-01-31,1
20110118,MI,94.62,5.38,0.18,0.00,0.00,0.00,2011-01-18,2011-01-24,1
20110111,MI,94.61,5.39,0.18,0.00,0.00,0.00,2011-01-11,2011-01-17,1
20110104,MI,94.61,5.39,0.18,0.00,0.00,0.00,2011-01-04,2011-01-10,1
20101228,MI,94.60,5.40,0.18,0.00,0.00,0.00,2010-12-28,2011-01-03,1
20101221,MI,94.81,5.19,0.18,0.00,0.00,0.00,2010-12-21,2010-12-27,1
20101214,MI,94.81,5.19,0.18,0.00,0.00,0.00,2010-12-14,2010-12-20,1
20101207,MI,75.50,24.50,0.97,0.00,0.00,0.00,2010-12-07,2010-12-13,1
20101130,MI,75.50,24.50,0.97,0.00,0.00,0.00,2010-11-30,2010-12-06,1
20101123,MI,75.50,24.50,7.51,0.00,0.00,0.00,2010-11-23,2010-11-29,1
20101116,MI,75.50,24.50,7.51,0.00,0.00,0.00,2010-11-16,2010-11-22,1
20101109,MI,75.51,24.49,7.75,0.00,0.00,0.00,2010-11-09,2010-11-15,1
20101102,MI,75.51,24.49,7.13,0.00,0.00,0.00,2010-11-02,2010-11-08,1
20101026,MI,86.41,13.59,0.00,0.00,0.00,0.00,2010-10-26,2010-11-01,1
20101019,MI,73.61,26.39,0.13,0.00,0.00,0.00,2010-10-19,2010-10-25,1
20101012,MI,75.14,24.86,0.13,0.00,0.00,0.00,2010-10-12,2010-10-18,1
20101005,MI,75.14,24.86,0.13,0.00,0.00,0.00,2010-10-05,2010-10-11,1
20100928,MI,75.09,24.91,0.13,0.00,0.00,0.00,2010-09-28,2010-10-04,1
20100921,MI,76.02,23.98,0.13,0.00,0.00,0.00,2010-09-21,2010-09-27,1
20100914,MI,69.25,30.75,11.03,0.00,0.00,0.00,2010-09-14,2010-09-20,1
20100907,MI,69.25,30.75,11.03,0.00,0.00,0.00,2010-09-07,2010-09-13,1
20100831,MI,50.76,49.24,14.13,2.86,0.00,0.00,2010-08-31,2010-09-06,1
20100824,MI,67.65,32.35,14.13,2.86,0.00,0.00,2010-08-24,2010-08-30,1
20100817,MI,63.08,36.92,23.87,7.45,0.00,0.00,2010-08-17,2010-08-23,1
20100810,MI,63.08,36.92,23.87,7.45,0.00,0.00,2010-08-10,2010-08-16,1
20100803,MI,63.08,36.92,23.87,7.45,0.00,0.00,2010-08-03,2010-08-09,1
20100727,MI,61.40,38.60,26.64,9.90,0.00,0.00,2010-07-27,2010-08-02,1
20100720,MI,53.04,46.96,28.86,9.90,0.00,0.00,2010-07-20,2010-07-26,1
20100713,MI,51.24,48.76,28.87,9.81,0.00,0.00,2010-07-13,2010-07-19,1
20100706,MI,49.41,50.59,36.07,12.66,0.00,0.00,2010-07-06,2010-07-12,1
20100629,MI,49.41,50.59,36.07,17.12,6.47,0.00,2010-06-29,2010-07-05,1
20100622,MI,48.86,51.14,36.30,28.89,13.93,0.00,2010-06-22,2010-06-28,1
20100615,MI,48.78,51.22,36.30,28.89,13.93,0.00,2010-06-15,2010-06-21,1
20100608,MI,48.78,51.22,36.30,28.89,13.93,0.00,2010-06-08,2010-06-14,1
20100601,MI,48.78,51.22,36.30,28.89,13.93,0.00,2010-06-01,2010-06-07,1
20100525,MI,48.62,51.38,36.11,22.38,4.65,0.00,2010-05-25,2010-05-31,1
20100518,MI,48.38,51.62,36.11,22.38,1.15,0.00,2010-05-18,2010-05-24,1
20100511,MI,42.53,57.47,36.11,14.19,0.00,0.00,2010-05-11,2010-05-17,1
20100504,MI,42.53,57.47,36.11,14.19,0.00,0.00,2010-05-04,2010-05-10,1
20100427,MI,42.56,57.44,36.11,14.19,0.00,0.00,2010-04-27,2010-05-03,1
20100420,MI,42.64,57.36,27.48,4.85,0.00,0.00,2010-04-20,2010-04-26,1
20100413,MI,42.64,57.36,27.10,2.39,0.00,0.00,2010-04-13,2010-04-19,1
20100406,MI,36.71,63.29,25.80,0.00,0.00,0.00,2010-04-06,2010-04-12,1
20100330,MI,36.94,63.06,5.40,0.00,0.00,0.00,2010-03-30,2010-04-05,1
20100323,MI,47.32,52.68,5.40,0.00,0.00,0.00,2010-03-23,2010-03-29,1
20100316,MI,61.51,38.49,2.61,0.00,0.00,0.00,2010-03-16,2010-03-22,1
20100309,MI,60.39,39.61,2.61,0.00,0.00,0.00,2010-03-09,2010-03-15,1
20100302,MI,88.22,11.78,2.61,0.00,0.00,0.00,2010-03-02,2010-03-08,1
20100223,MI,88.22,11.78,2.61,0.00,0.00,0.00,2010-02-23,2010-03-01,1
20100216,MI,88.22,11.78,2.61,0.00,0.00,0.00,2010-02-16,2010-02-22,1
20100209,MI,88.22,11.78,2.61,0.00,0.00,0.00,2010-02-09,2010-02-15,1
20100202,MI,88.22,11.78,2.61,0.00,0.00,0.00,2010-02-02,2010-02-08,1
20100126,MI,88.22,11.78,2.61,0.00,0.00,0.00,2010-01-26,2010-02-01,1
20100119,MI,87.71,12.29,4.01,0.00,0.00,0.00,2010-01-19,2010-01-25,1
20100112,MI,87.71,12.29,4.01,0.00,0.00,0.00,2010-01-12,2010-01-18,1
20100105,MI,87.71,12.29,4.01,0.00,0.00,0.00,2010-01-05,2010-01-11,1
20091229,MI,87.71,12.29,4.01,0.00,0.00,0.00,2009-12-29,2010-01-04,1
20091222,MI,87.71,12.29,4.01,0.00,0.00,0.00,2009-12-22,2009-12-28,1
20091215,MI,87.71,12.29,4.01,0.00,0.00,0.00,2009-12-15,2009-12-21,1
20091208,MI,87.71,12.29,4.01,0.00,0.00,0.00,2009-12-08,2009-12-14,1
20091201,MI,87.71,12.29,4.01,0.00,0.00,0.00,2009-12-01,2009-12-07,1
20091124,MI,87.71,12.29,4.01,0.00,0.00,0.00,2009-11-24,2009-11-30,1
20091117,MI,87.71,12.29,4.01,0.00,0.00,0.00,2009-11-17,2009-11-23,1
20091110,MI,87.71,12.29,4.01,0.00,0.00,0.00,2009-11-10,2009-11-16,1
20091103,MI,87.71,12.29,4.01,0.00,0.00,0.00,2009-11-03,2009-11-09,1
20091027,MI,87.66,12.34,4.01,0.00,0.00,0.00,2009-10-27,2009-11-02,1
20091020,MI,76.68,23.32,9.57,3.17,0.00,0.00,2009-10-20,2009-10-26,1
20091013,MI,86.10,13.90,9.57,3.17,0.00,0.00,2009-10-13,2009-10-19,1
20091006,MI,71.92,28.08,12.07,8.13,0.00,0.00,2009-10-06,2009-10-12,1
20090929,MI,69.91,30.09,15.75,11.54,0.00,0.00,2009-09-29,2009-10-05,1
20090922,MI,66.09,33.91,17.13,12.40,0.00,0.00,2009-09-22,2009-09-28,1
20090915,MI,83.36,16.64,12.66,1.75,0.00,0.00,2009-09-15,2009-09-21,1
20090908,MI,83.36,16.64,12.66,1.75,0.00,0.00,2009-09-08,2009-09-14,1
20090901,MI,83.36,16.64,12.66,1.75,0.00,0.00,2009-09-01,2009-09-07,1
20090825,MI,68.77,31.23,14.13,5.94,0.00,0.00,2009-08-25,2009-08-31,1
20090818,MI,59.15,40.85,18.42,6.21,0.00,0.00,2009-08-18,2009-08-24,1
20090811,MI,58.17,41.83,18.42,6.21,0.00,0.00,2009-08-11,2009-08-17,1
20090804,MI,58.22,41.78,18.41,6.21,0.00,0.00,2009-08-04,2009-08-10,1
20090728,MI,66.84,33.16,18.41,6.21,0.00,0.00,2009-07-28,2009-08-03,1
20090721,MI,66.84,33.16,18.41,6.21,0.00,0.00,2009-07-21,2009-07-27,1
20090714,MI,69.43,30.57,18.30,3.59,0.00,0.00,2009-07-14,2009-07-20,1
20090707,MI,71.52,28.48,16.93,3.59,0.00,0.00,2009-07-07,2009-07-13,1
20090630,MI,77.94,22.06,7.38,0.00,0.00,0.00,2009-06-30,2009-07-06,1
20090623,MI,85.44,14.56,4.62,0.00,0.00,0.00,2009-06-23,2009-06-29,1
20090616,MI,85.44,14.56,4.62,0.00,0.00,0.00,2009-06-16,2009-06-22,1
20090609,MI,85.44,14.56,4.62,0.00,0.00,0.00,2009-06-09,2009-06-15,1
20090602,MI,85.54,14.46,4.62,0.00,0.00,0.00,2009-06-02,2009-06-08,1
20090526,MI,85.49,14.51,4.63,0.00,0.00,0.00,2009-05-26,2009-06-01,1
20090519,MI,85.49,14.51,0.33,0.00,0.00,0.00,2009-05-19,2009-05-25,1
20090512,MI,70.98,29.02,3.03,0.00,0.00,0.00,2009-05-12,2009-05-18,1
20090505,MI,70.98,29.02,6.43,0.00,0.00,0.00,2009-05-05,2009-05-11,1
20090428,MI,70.98,29.02,6.43,0.00,0.00,0.00,2009-04-28,2009-05-04,1
20090421,MI,70.03,29.97,17.28,3.92,0.00,0.00,2009-04-21,2009-04-27,1
20090414,MI,70.03,29.97,17.28,3.92,0.00,0.00,2009-04-14,2009-04-20,1
20090407,MI,70.03,29.97,17.28,3.92,0.00,0.00,2009-04-07,2009-04-13,1
20090331,MI,80.20,19.80,10.45,3.92,0.00,0.00,2009-03-31,2009-04-06,1
20090324,MI,80.20,19.80,10.45,3.92,0.00,0.00,2009-03-24,2009-03-30,1
20090317,MI,80.20,19.80,10.47,3.92,0.00,0.00,2009-03-17,2009-03-23,1
20090310,MI,80.20,19.80,10.47,3.92,0.00,0.00,2009-03-10,2009-03-16,1
20090303,MI,80.20,19.80,10.47,3.92,0.00,0.00,2009-03-03,2009-03-09,1
20090224,MI,80.20,19.80,10.47,3.97,0.00,0.00,2009-02-24,2009-03-02,1
20090217,MI,80.20,19.80,10.47,3.97,0.00,0.00,2009-02-17,2009-02-23,1
20090210,MI,79.82,20.18,10.47,3.97,0.00,0.00,2009-02-10,2009-02-16,1
20090203,MI,79.82,20.18,10.47,3.94,0.00,0.00,2009-02-03,2009-02-09,1
20090127,MI,79.82,20.18,10.47,3.94,0.00,0.00,2009-01-27,2009-02-02,1
20090120,MI,79.82,20.18,10.47,3.94,0.00,0.00,2009-01-20,2009-01-26,1
20090113,MI,79.82,20.18,13.51,3.94,0.00,0.00,2009-01-13,2009-01-19,1
20090106,MI,79.82,20.18,13.51,3.94,0.00,0.00,2009-01-06,2009-01-12,1
20081230,MI,75.30,24.70,17.01,3.94,0.00,0.00,2008-12-30,2009-01-05,1
20081223,MI,75.30,24.70,17.01,3.94,0.00,0.00,2008-12-23,2008-12-29,1
20081216,MI,69.75,30.25,20.13,3.94,0.00,0.00,2008-12-16,2008-12-22,1
20081209,MI,69.75,30.25,20.13,3.94,0.00,0.00,2008-12-09,2008-12-15,1
20081202,MI,69.75,30.25,20.13,3.77,0.00,0.00,2008-12-02,2008-12-08,1
20081125,MI,69.78,30.22,20.13,3.77,0.00,0.00,2008-11-25,2008-12-01,1
20081118,MI,67.15,32.85,22.18,3.77,0.00,0.00,2008-11-18,2008-11-24,1
20081111,MI,66.67,33.33,22.18,3.77,0.00,0.00,2008-11-11,2008-11-17,1
20081104,MI,66.67,33.33,22.18,3.77,0.00,0.00,2008-11-04,2008-11-10,1
20081028,MI,66.67,33.33,22.18,3.77,0.00,0.00,2008-10-28,2008-11-03,1
20081021,MI,65.87,34.13,22.23,3.86,0.00,0.00,2008-10-21,2008-10-27,1
20081014,MI,73.54,26.46,16.39,3.76,0.00,0.00,2008-10-14,2008-10-20,1
20081007,MI,80.96,19.04,11.08,0.00,0.00,0.00,2008-10-07,2008-10-13,1
20080930,MI,76.95,23.05,11.08,0.00,0.00,0.00,2008-09-30,2008-10-06,1
20080923,MI,76.95,23.05,11.08,0.00,0.00,0.00,2008-09-23,2008-09-29,1
20080916,MI,80.73,19.27,8.59,0.00,0.00,0.00,2008-09-16,2008-09-22,1
20080909,MI,73.50,26.50,11.60,0.00,0.00,0.00,2008-09-09,2008-09-15,1
20080902,MI,58.53,41.47,13.68,0.00,0.00,0.00,2008-09-02,2008-09-08,1
20080826,MI,58.53,41.47,1.76,0.00,0.00,0.00,2008-08-26,2008-09-01,1
20080819,MI,59.12,40.88,0.00,0.00,0.00,0.00,2008-08-19,2008-08-25,1
20080812,MI,100.00,0.00,0.00,0.00,0.00,0.00,2008-08-12,2008-08-18,1
20080805,MI,100.00,0.00,0.00,0.00,0.00,0.00,2008-08-05,2008-08-11,1
20080729,MI,100.00,0.00,0.00,0.00,0.00,0.00,2008-07-29,2008-08-04,1
20080722,MI,100.00,0.00,0.00,0.00,0.00,0.00,2008-07-22,2008-07-28,1
20080715,MI,100.00,0.00,0.00,0.00,0.00,0.00,2008-07-15,2008-07-21,1
20080708,MI,100.00,0.00,0.00,0.00,0.00,0.00,2008-07-08,2008-07-14,1
20080701,MI,100.00,0.00,0.00,0.00,0.00,0.00,2008-07-01,2008-07-07,1
20080624,MI,100.00,0.00,0.00,0.00,0.00,0.00,2008-06-24,2008-06-30,1
20080617,MI,100.00,0.00,0.00,0.00,0.00,0.00,2008-06-17,2008-06-23,1
20080610,MI,81.33,18.67,0.00,0.00,0.00,0.00,2008-06-10,2008-06-16,1
20080603,MI,100.00,0.00,0.00,0.00,0.00,0.00,2008-06-03,2008-06-09,1
20080527,MI,100.00,0.00,0.00,0.00,0.00,0.00,2008-05-27,2008-06-02,1
20080520,MI,100.00,0.00,0.00,0.00,0.00,0.00,2008-05-20,2008-05-26,1
20080513,MI,100.00,0.00,0.00,0.00,0.00,0.00,2008-05-13,2008-05-19,1
20080506,MI,100.00,0.00,0.00,0.00,0.00,0.00,2008-05-06,2008-05-12,1
20080429,MI,100.00,0.00,0.00,0.00,0.00,0.00,2008-04-29,2008-05-05,1
20080422,MI,100.00,0.00,0.00,0.00,0.00,0.00,2008-04-22,2008-04-28,1
20080415,MI,100.00,0.00,0.00,0.00,0.00,0.00,2008-04-15,2008-04-21,1
20080408,MI,87.44,12.56,0.00,0.00,0.00,0.00,2008-04-08,2008-04-14,1
20080401,MI,87.44,12.56,0.00,0.00,0.00,0.00,2008-04-01,2008-04-07,1
20080325,MI,87.40,12.60,0.00,0.00,0.00,0.00,2008-03-25,2008-03-31,1
20080318,MI,87.40,12.60,0.00,0.00,0.00,0.00,2008-03-18,2008-03-24,1
20080311,MI,87.40,12.60,0.00,0.00,0.00,0.00,2008-03-11,2008-03-17,1
20080304,MI,87.40,12.60,0.00,0.00,0.00,0.00,2008-03-04,2008-03-10,1
20080226,MI,87.40,12.60,0.00,0.00,0.00,0.00,2008-02-26,2008-03-03,1
20080219,MI,87.40,12.60,0.00,0.00,0.00,0.00,2008-02-19,2008-02-25,1
20080212,MI,65.59,34.41,0.63,0.00,0.00,0.00,2008-02-12,2008-02-18,1
20080205,MI,65.59,34.41,0.63,0.00,0.00,0.00,2008-02-05,2008-02-11,1
20080129,MI,45.95,54.05,0.63,0.00,0.00,0.00,2008-01-29,2008-02-04,1
20080122,MI,45.95,54.05,0.63,0.00,0.00,0.00,2008-01-22,2008-01-28,1
20080115,MI,45.95,54.05,2.90,0.00,0.00,0.00,2008-01-15,2008-01-21,1
20080108,MI,44.86,55.14,6.82,0.00,0.00,0.00,2008-01-08,2008-01-14,1
20080101,MI,34.13,65.87,15.33,0.00,0.00,0.00,2008-01-01,2008-01-07,1
20071225,MI,34.13,65.87,15.33,0.00,0.00,0.00,2007-12-25,2007-12-31,1
20071218,MI,34.13,65.87,15.33,0.00,0.00,0.00,2007-12-18,2007-12-24,1
20071211,MI,34.13,65.87,15.33,0.00,0.00,0.00,2007-12-11,2007-12-17,1
20071204,MI,34.13,65.87,15.33,0.00,0.00,0.00,2007-12-04,2007-12-10,1
20071127,MI,33.99,66.01,20.28,0.00,0.00,0.00,2007-11-27,2007-12-03,1
20071120,MI,19.87,80.13,17.54,0.00,0.00,0.00,2007-11-20,2007-11-26,1
20071113,MI,33.63,66.37,17.54,0.00,0.00,0.00,2007-11-13,2007-11-19,1
20071106,MI,33.63,66.37,17.54,0.00,0.00,0.00,2007-11-06,2007-11-12,1
20071030,MI,33.63,66.37,23.34,7.33,0.00,0.00,2007-10-30,2007-11-05,1
20071023,MI,33.63,66.37,23.34,7.33,0.00,0.00,2007-10-23,2007-10-29,1
20071016,MI,33.42,66.58,45.14,11.51,0.00,0.00,2007-10-16,2007-10-22,1
20071009,MI,33.42,66.58,48.18,7.88,0.00,0.00,2007-10-09,2007-10-15,1
20071002,MI,35.31,64.69,36.27,4.35,0.00,0.00,2007-10-02,2007-10-08,1
20070925,MI,35.31,64.69,36.27,17.26,0.00,0.00,2007-09-25,2007-10-01,1
20070918,MI,35.31,64.69,36.65,16.95,0.30,0.00,2007-09-18,2007-09-24,1
20070911,MI,30.17,69.83,41.86,16.51,0.97,0.00,2007-09-11,2007-09-17,1
20070904,MI,30.17,69.83,41.86,29.08,14.51,0.00,2007-09-04,2007-09-10,1
20070828,MI,28.69,71.31,45.90,31.30,17.06,0.00,2007-08-28,2007-09-03,1
20070821,MI,11.35,88.65,72.44,28.70,12.41,0.00,2007-08-21,2007-08-27,1
20070814,MI,0.21,99.79,76.83,28.70,12.41,0.00,2007-08-14,2007-08-20,1
20070807,MI,0.00,100.00,68.79,29.95,7.68,0.00,2007-08-07,2007-08-13,1
20070731,MI,10.06,89.94,60.25,17.70,0.00,0.00,2007-07-31,2007-08-06,1
20070724,MI,15.62,84.38,56.55,12.28,0.00,0.00,2007-07-24,2007-07-30,1
20070717,MI,25.99,74.01,50.77,12.28,0.00,0.00,2007-07-17,2007-07-23,1
20070710,MI,27.15,72.85,35.43,11.98,0.00,0.00,2007-07-10,2007-07-16,1
20070703,MI,43.91,56.09,13.50,0.00,0.00,0.00,2007-07-03,2007-07-09,1
20070626,MI,44.73,55.27,13.50,0.00,0.00,0.00,2007-06-26,2007-07-02,1
20070619,MI,79.70,20.30,13.50,0.00,0.00,0.00,2007-06-19,2007-06-25,1
20070612,MI,82.15,17.85,13.50,6.81,0.00,0.00,2007-06-12,2007-06-18,1
20070605,MI,82.70,17.30,13.43,2.22,0.00,0.00,2007-06-05,2007-06-11,1
20070529,MI,71.32,28.68,13.90,6.90,0.38,0.00,2007-05-29,2007-06-04,1
20070522,MI,71.32,28.68,13.90,6.69,0.00,0.00,2007-05-22,2007-05-28,1
20070515,MI,71.32,28.68,13.90,6.69,0.00,0.00,2007-05-15,2007-05-21,1
20070508,MI,71.32,28.68,10.30,0.38,0.00,0.00,2007-05-08,2007-05-14,1
20070501,MI,81.23,18.77,0.38,0.38,0.00,0.00,2007-05-01,2007-05-07,1
20070424,MI,81.23,18.77,0.38,0.38,0.00,0.00,2007-04-24,2007-04-30,1
20070417,MI,93.70,6.30,0.38,0.38,0.00,0.00,2007-04-17,2007-04-23,1
20070410,MI,93.70,6.30,0.38,0.38,0.00,0.00,2007-04-10,2007-04-16,1
20070403,MI,83.87,16.13,6.79,1.49,0.00,0.00,2007-04-03,2007-04-09,1
20070327,MI,82.58,17.42,10.44,1.49,0.00,0.00,2007-03-27,2007-04-02,1
20070320,MI,82.58,17.42,10.44,1.49,0.00,0.00,2007-03-20,2007-03-26,1
20070313,MI,82.58,17.42,10.44,1.49,0.00,0.00,2007-03-13,2007-03-19,1
20070306,MI,82.58,17.42,10.44,1.49,0.00,0.00,2007-03-06,2007-03-12,1
20070227,MI,72.20,27.80,23.61,15.51,0.00,0.00,2007-02-27,2007-03-05,1
20070220,MI,72.12,27.88,23.77,15.51,0.00,0.00,2007-02-20,2007-02-26,1
20070213,MI,72.12,27.88,23.77,15.51,0.00,0.00,2007-02-13,2007-02-19,1
20070206,MI,72.12,27.88,23.77,15.51,0.00,0.00,2007-02-06,2007-02-12,1
20070130,MI,72.12,27.88,23.77,15.51,0.00,0.00,2007-01-30,2007-02-05,1
20070123,MI,72.12,27.88,23.77,15.51,0.00,0.00,2007-01-23,2007-01-29,1
20070116,MI,65.77,34.23,23.77,15.51,0.00,0.00,2007-01-16,2007-01-22,1
20070109,MI,65.77,34.23,23.77,15.51,0.00,0.00,2007-01-09,2007-01-15,1
20070102,MI,66.15,33.85,23.77,15.51,0.00,0.00,2007-01-02,2007-01-08,1
20061226,MI,66.36,33.64,23.77,15.51,0.00,0.00,2006-12-26,2007-01-01,1
20061219,MI,66.36,33.64,23.77,15.51,0.00,0.00,2006-12-19,2006-12-25,1
20061212,MI,70.93,29.07,15.48,0.00,0.00,0.00,2006-12-12,2006-12-18,1
20061205,MI,70.85,29.15,15.29,0.00,0.00,0.00,2006-12-05,2006-12-11,1
20061128,MI,73.02,26.98,15.79,0.00,0.00,0.00,2006-11-28,2006-12-04,1
20061121,MI,73.00,27.00,15.79,0.00,0.00,0.00,2006-11-21,2006-11-27,1
20061114,MI,72.89,27.11,15.79,0.00,0.00,0.00,2006-11-14,2006-11-20,1
20061107,MI,72.89,27.11,15.79,0.00,0.00,0.00,2006-11-07,2006-11-13,1
20061031,MI,72.89,27.11,15.79,0.00,0.00,0.00,2006-10-31,2006-11-06,1
20061024,MI,72.89,27.11,15.79,0.00,0.00,0.00,2006-10-24,2006-10-30,1
20061017,MI,72.89,27.11,15.79,0.00,0.00,0.00,2006-10-17,2006-10-23,1
20061010,MI,72.89,27.11,15.79,0.00,0.00,0.00,2006-10-10,2006-10-16,1
20061003,MI,72.89,27.11,1.56,0.00,0.00,0.00,2006-10-03,2006-10-09,1
20060926,MI,72.89,27.11,1.56,0.00,0.00,0.00,2006-09-26,2006-10-02,1
20060919,MI,72.81,27.19,1.56,0.00,0.00,0.00,2006-09-19,2006-09-25,1
20060912,MI,89.85,10.15,1.53,0.00,0.00,0.00,2006-09-12,2006-09-18,1
20060905,MI,89.84,10.16,1.53,0.00,0.00,0.00,2006-09-05,2006-09-11,1
20060829,MI,89.84,10.16,1.53,0.00,0.00,0.00,2006-08-29,2006-09-04,1
20060822,MI,89.92,10.08,1.91,0.00,0.00,0.00,2006-08-22,2006-08-28,1
20060815,MI,90.49,9.51,1.65,0.00,0.00,0.00,2006-08-15,2006-08-21,1
20060808,MI,90.49,9.51,1.74,0.00,0.00,0.00,2006-08-08,2006-08-14,1
20060801,MI,83.79,16.21,1.74,0.00,0.00,0.00,2006-08-01,2006-08-07,1
20060725,MI,62.64,37.36,12.48,2.32,0.00,0.00,2006-07-25,2006-07-31,1
20060718,MI,62.69,37.31,12.48,2.32,0.00,0.00,2006-07-18,2006-07-24,1
20060711,MI,62.40,37.60,12.10,2.32,0.00,0.00,2006-07-11,2006-07-17,1
20060704,MI,86.95,13.05,6.62,0.00,0.00,0.00,2006-07-04,2006-07-10,1
20060627,MI,86.95,13.05,0.00,0.00,0.00,0.00,2006-06-27,2006-07-03,1
20060620,MI,97.58,2.42,0.00,0.00,0.00,0.00,2006-06-20,2006-06-26,1
20060613,MI,97.58,2.42,0.00,0.00,0.00,0.00,2006-06-13,2006-06-19,1
20060606,MI,100.00,0.00,0.00,0.00,0.00,0.00,2006-06-06,2006-06-12,1
20060530,MI,100.00,0.00,0.00,0.00,0.00,0.00,2006-05-30,2006-06-05,1
20060523,MI,87.28,12.72,0.00,0.00,0.00,0.00,2006-05-23,2006-05-29,1
20060516,MI,85.29,14.71,0.00,0.00,0.00,0.00,2006-05-16,2006-05-22,1
20060509,MI,63.63,36.37,23.96,0.00,0.00,0.00,2006-05-09,2006-05-15,1
20060502,MI,71.88,28.12,12.68,0.00,0.00,0.00,2006-05-02,2006-05-08,1
20060425,MI,82.19,17.81,0.00,0.00,0.00,0.00,2006-04-25,2006-05-01,1
20060418,MI,82.36,17.64,0.00,0.00,0.00,0.00,2006-04-18,2006-04-24,1
20060411,MI,98.79,1.21,0.00,0.00,0.00,0.00,2006-04-11,2006-04-17,1
20060404,MI,98.79,1.21,0.00,0.00,0.00,0.00,2006-04-04,2006-04-10,1
20060328,MI,99.06,0.94,0.00,0.00,0.00,0.00,2006-03-28,2006-04-03,1
20060321,MI,99.05,0.95,0.00,0.00,0.00,0.00,2006-03-21,2006-03-27,1
20060314,MI,99.05,0.95,0.00,0.00,0.00,0.00,2006-03-14,2006-03-20,1
20060307,MI,96.78,3.22,0.75,0.00,0.00,0.00,2006-03-07,2006-03-13,1
20060228,MI,97.03,2.97,0.75,0.00,0.00,0.00,2006-02-28,2006-03-06,1
20060221,MI,97.03,2.97,0.44,0.00,0.00,0.00,2006-02-21,2006-02-27,1
20060214,MI,90.77,9.23,3.00,0.07,0.00,0.00,2006-02-14,2006-02-20,1
20060207,MI,90.77,9.23,3.00,0.07,0.00,0.00,2006-02-07,2006-02-13,1
20060131,MI,90.77,9.23,3.00,0.07,0.00,0.00,2006-01-31,2006-02-06,1
20060124,MI,77.06,22.94,4.05,0.07,0.00,0.00,2006-01-24,2006-01-30,1
20060117,MI,77.06,22.94,4.05,0.07,0.00,0.00,2006-01-17,2006-01-23,1
20060110,MI,76.74,23.26,3.63,0.07,0.00,0.00,2006-01-10,2006-01-16,1
20060103,MI,71.17,28.83,3.67,0.01,0.00,0.00,2006-01-03,2006-01-09,1
20051227,MI,65.25,34.75,12.24,3.49,0.00,0.00,2005-12-27,2006-01-02,1
20051220,MI,65.25,34.75,12.24,3.49,0.00,0.00,2005-12-20,2005-12-26,1
20051213,MI,65.25,34.75,12.24,3.49,0.00,0.00,2005-12-13,2005-12-19,1
20051206,MI,58.41,41.59,12.24,3.49,0.00,0.00,2005-12-06,2005-12-12,1
20051129,MI,58.41,41.59,12.24,3.49,0.00,0.00,2005-11-29,2005-12-05,1
20051122,MI,46.26,53.74,13.78,5.92,0.00,0.00,2005-11-22,2005-11-28,1
20051115,MI,44.56,55.44,14.79,5.92,0.00,0.00,2005-11-15,2005-11-21,1
20051108,MI,5.82,94.18,23.33,7.02,0.00,0.00,2005-11-08,2005-11-14,1
20051101,MI,5.82,94.18,32.67,9.05,0.00,0.00,2005-11-01,2005-11-07,1
20051025,MI,14.22,85.78,28.09,9.05,0.00,0.00,2005-10-25,2005-10-31,1
20051018,MI,14.47,85.53,22.87,6.58,0.00,0.00,2005-10-18,2005-10-24,1
20051011,MI,15.08,84.92,21.29,3.35,0.00,0.00,2005-10-11,2005-10-17,1
20051004,MI,15.08,84.92,43.90,16.19,0.00,0.00,2005-10-04,2005-10-10,1
20050927,MI,14.03,85.97,49.22,33.34,0.00,0.00,2005-09-27,2005-10-03,1
20050920,MI,0.00,100.00,61.74,33.03,0.00,0.00,2005-09-20,2005-09-26,1
20050913,MI,11.85,88.15,56.97,33.06,0.00,0.00,2005-09-13,2005-09-19,1
20050906,MI,13.12,86.88,42.48,19.31,0.00,0.00,2005-09-06,2005-09-12,1
20050830,MI,33.90,66.10,28.79,9.88,0.00,0.00,2005-08-30,2005-09-05,1
20050823,MI,52.03,47.97,28.79,10.78,0.00,0.00,2005-08-23,2005-08-29,1
20050816,MI,38.72,61.28,41.67,21.68,0.00,0.00,2005-08-16,2005-08-22,1
20050809,MI,35.63,64.37,42.79,25.16,0.00,0.00,2005-08-09,2005-08-15,1
20050802,MI,28.78,71.22,47.12,23.38,0.00,0.00,2005-08-02,2005-08-08,1
20050726,MI,26.97,73.03,41.83,23.50,0.00,0.00,2005-07-26,2005-08-01,1
20050719,MI,20.25,79.75,48.54,22.37,0.00,0.00,2005-07-19,2005-07-25,1
20050712,MI,20.63,79.37,33.13,3.42,0.00,0.00,2005-07-12,2005-07-18,1
20050705,MI,33.01,66.99,17.18,2.48,0.00,0.00,2005-07-05,2005-07-11,1
20050628,MI,21.88,78.12,23.43,0.00,0.00,0.00,2005-06-28,2005-07-04,1
20050621,MI,27.98,72.02,18.83,0.00,0.00,0.00,2005-06-21,2005-06-27,1
20050614,MI,14.18,85.82,40.73,0.00,0.00,0.00,2005-06-14,2005-06-20,1
20050607,MI,0.62,99.38,29.34,0.00,0.00,0.00,2005-06-07,2005-06-13,1
20050531,MI,0.62,99.38,4.34,0.00,0.00,0.00,2005-05-31,2005-06-06,1
20050524,MI,10.00,90.00,4.34,0.00,0.00,0.00,2005-05-24,2005-05-30,1
20050517,MI,13.82,86.18,1.61,0.00,0.00,0.00,2005-05-17,2005-05-23,1
20050510,MI,0.86,99.14,11.42,0.00,0.00,0.00,2005-05-10,2005-05-16,1
20050503,MI,27.49,72.51,0.00,0.00,0.00,0.00,2005-05-03,2005-05-09,1
20050426,MI,27.72,72.28,0.00,0.00,0.00,0.00,2005-04-26,2005-05-02,1
20050419,MI,0.48,99.52,0.00,0.00,0.00,0.00,2005-04-19,2005-04-25,1
20050412,MI,67.06,32.94,0.00,0.00,0.00,0.00,2005-04-12,2005-04-18,1
20050405,MI,100.00,0.00,0.00,0.00,0.00,0.00,2005-04-05,2005-04-11,1
20050329,MI,100.00,0.00,0.00,0.00,0.00,0.00,2005-03-29,2005-04-04,1
20050322,MI,100.00,0.00,0.00,0.00,0.00,0.00,2005-03-22,2005-03-28,1
20050315,MI,100.00,0.00,0.00,0.00,0.00,0.00,2005-03-15,2005-03-21,1
20050308,MI,100.00,0.00,0.00,0.00,0.00,0.00,2005-03-08,2005-03-14,1
20050301,MI,100.00,0.00,0.00,0.00,0.00,0.00,2005-03-01,2005-03-07,1
20050222,MI,100.00,0.00,0.00,0.00,0.00,0.00,2005-02-22,2005-02-28,1
20050215,MI,100.00,0.00,0.00,0.00,0.00,0.00,2005-02-15,2005-02-21,1
20050208,MI,100.00,0.00,0.00,0.00,0.00,0.00,2005-02-08,2005-02-14,1
20050201,MI,100.00,0.00,0.00,0.00,0.00,0.00,2005-02-01,2005-02-07,1
20050125,MI,100.00,0.00,0.00,0.00,0.00,0.00,2005-01-25,2005-01-31,1
20050118,MI,100.00,0.00,0.00,0.00,0.00,0.00,2005-01-18,2005-01-24,1
20050111,MI,100.00,0.00,0.00,0.00,0.00,0.00,2005-01-11,2005-01-17,1
20050104,MI,100.00,0.00,0.00,0.00,0.00,0.00,2005-01-04,2005-01-10,1
20041228,MI,100.00,0.00,0.00,0.00,0.00,0.00,2004-12-28,2005-01-03,1
20041221,MI,100.00,0.00,0.00,0.00,0.00,0.00,2004-12-21,2004-12-27,1
20041214,MI,100.00,0.00,0.00,0.00,0.00,0.00,2004-12-14,2004-12-20,1
20041207,MI,100.00,0.00,0.00,0.00,0.00,0.00,2004-12-07,2004-12-13,1
20041130,MI,87.83,12.17,0.00,0.00,0.00,0.00,2004-11-30,2004-12-06,1
20041123,MI,60.28,39.72,6.86,0.00,0.00,0.00,2004-11-23,2004-11-29,1
20041116,MI,60.28,39.72,6.86,0.00,0.00,0.00,2004-11-16,2004-11-22,1
20041109,MI,60.28,39.72,6.86,0.00,0.00,0.00,2004-11-09,2004-11-15,1
20041102,MI,53.29,46.71,6.86,0.00,0.00,0.00,2004-11-02,2004-11-08,1
20041026,MI,45.49,54.51,11.50,0.00,0.00,0.00,2004-10-26,2004-11-01,1
20041019,MI,29.42,70.58,18.35,0.00,0.00,0.00,2004-10-19,2004-10-25,1
20041012,MI,5.44,94.56,37.28,0.00,0.00,0.00,2004-10-12,2004-10-18,1
20041005,MI,11.65,88.35,23.80,0.00,0.00,0.00,2004-10-05,2004-10-11,1
20040928,MI,11.65,88.35,0.00,0.00,0.00,0.00,2004-09-28,2004-10-04,1
20040921,MI,100.00,0.00,0.00,0.00,0.00,0.00,2004-09-21,2004-09-27,1
20040914,MI,99.77,0.23,0.00,0.00,0.00,0.00,2004-09-14,2004-09-20,1
20040907,MI,99.77,0.23,0.00,0.00,0.00,0.00,2004-09-07,2004-09-13,1
20040831,MI,91.40,8.60,0.00,0.00,0.00,0.00,2004-08-31,2004-09-06,1
20040824,MI,75.18,24.82,0.00,0.00,0.00,0.00,2004-08-24,2004-08-30,1
20040817,MI,95.73,4.27,0.00,0.00,0.00,0.00,2004-08-17,2004-08-23,1
20040810,MI,92.55,7.45,0.00,0.00,0.00,0.00,2004-08-10,2004-08-16,1
20040803,MI,100.00,0.00,0.00,0.00,0.00,0.00,2004-08-03,2004-08-09,1
20040727,MI,100.00,0.00,0.00,0.00,0.00,0.00,2004-07-27,2004-08-02,1
20040720,MI,100.00,0.00,0.00,0.00,0.00,0.00,2004-07-20,2004-07-26,1
20040713,MI,100.00,0.00,0.00,0.00,0.00,0.00,2004-07-13,2004-07-19,1
20040706,MI,100.00,0.00,0.00,0.00,0.00,0.00,2004-07-06,2004-07-12,1
20040629,MI,100.00,0.00,0.00,0.00,0.00,0.00,2004-06-29,2004-07-05,1
20040622,MI,100.00,0.00,0.00,0.00,0.00,0.00,2004-06-22,2004-06-28,1
20040615,MI,100.00,0.00,0.00,0.00,0.00,0.00,2004-06-15,2004-06-21,1
20040608,MI,100.00,0.00,0.00,0.00,0.00,0.00,2004-06-08,2004-06-14,1
20040601,MI,100.00,0.00,0.00,0.00,0.00,0.00,2004-06-01,2004-06-07,1
20040525,MI,100.00,0.00,0.00,0.00,0.00,0.00,2004-05-25,2004-05-31,1
20040518,MI,99.65,0.35,0.00,0.00,0.00,0.00,2004-05-18,2004-05-24,1
20040511,MI,94.63,5.37,0.33,0.00,0.00,0.00,2004-05-11,2004-05-17,1
20040504,MI,76.76,23.24,11.37,0.00,0.00,0.00,2004-05-04,2004-05-10,1
20040427,MI,65.99,34.01,9.79,0.00,0.00,0.00,2004-04-27,2004-05-03,1
20040420,MI,82.58,17.42,0.00,0.00,0.00,0.00,2004-04-20,2004-04-26,1
20040413,MI,82.58,17.42,0.00,0.00,0.00,0.00,2004-04-13,2004-04-19,1
20040406,MI,100.00,0.00,0.00,0.00,0.00,0.00,2004-04-06,2004-04-12,1
20040330,MI,100.00,0.00,0.00,0.00,0.00,0.00,2004-03-30,2004-04-05,1
20040323,MI,100.00,0.00,0.00,0.00,0.00,0.00,2004-03-23,2004-03-29,1
20040316,MI,100.00,0.00,0.00,0.00,0.00,0.00,2004-03-16,2004-03-22,1
20040309,MI,100.00,0.00,0.00,0.00,0.00,0.00,2004-03-09,2004-03-15,1
20040302,MI,99.91,0.09,0.00,0.00,0.00,0.00,2004-03-02,2004-03-08,1
20040224,MI,99.94,0.06,0.00,0.00,0.00,0.00,2004-02-24,2004-03-01,1
20040217,MI,98.22,1.78,0.00,0.00,0.00,0.00,2004-02-17,2004-02-23,1
20040210,MI,98.22,1.78,0.00,0.00,0.00,0.00,2004-02-10,2004-02-16,1
20040203,MI,98.22,1.78,0.00,0.00,0.00,0.00,2004-02-03,2004-02-09,1
20040127,MI,98.22,1.78,0.00,0.00,0.00,0.00,2004-01-27,2004-02-02,1
20040120,MI,98.45,1.55,0.00,0.00,0.00,0.00,2004-01-20,2004-01-26,1
20040113,MI,99.10,0.90,0.00,0.00,0.00,0.00,2004-01-13,2004-01-19,1
20040106,MI,98.48,1.52,0.00,0.00,0.00,0.00,2004-01-06,2004-01-12,1
20031230,MI,98.50,1.50,0.00,0.00,0.00,0.00,2003-12-30,2004-01-05,1
20031223,MI,97.56,2.44,0.00,0.00,0.00,0.00,2003-12-23,2003-12-29,1
20031216,MI,97.62,2.38,0.03,0.00,0.00,0.00,2003-12-16,2003-12-22,1
20031209,MI,92.80,7.20,0.00,0.00,0.00,0.00,2003-12-09,2003-12-15,1
20031202,MI,92.73,7.27,0.00,0.00,0.00,0.00,2003-12-02,2003-12-08,1
20031125,MI,92.66,7.34,0.00,0.00,0.00,0.00,2003-11-25,2003-12-01,1
20031118,MI,92.53,7.47,0.00,0.00,0.00,0.00,2003-11-18,2003-11-24,1
20031111,MI,92.47,7.53,0.00,0.00,0.00,0.00,2003-11-11,2003-11-17,1
20031104,MI,77.66,22.34,0.00,0.00,0.00,0.00,2003-11-04,2003-11-10,1
20031028,MI,56.13,43.87,7.72,0.00,0.00,0.00,2003-10-28,2003-11-03,1
20031021,MI,60.48,39.52,7.50,0.00,0.00,0.00,2003-10-21,2003-10-27,1
20031014,MI,46.40,53.60,7.97,0.00,0.00,0.00,2003-10-14,2003-10-20,1
20031007,MI,45.05,54.95,8.94,0.00,0.00,0.00,2003-10-07,2003-10-13,1
20030930,MI,31.38,68.62,35.68,0.00,0.00,0.00,2003-09-30,2003-10-06,1
20030923,MI,11.10,88.90,62.89,0.00,0.00,0.00,2003-09-23,2003-09-29,1
20030916,MI,16.77,83.23,39.81,0.00,0.00,0.00,2003-09-16,2003-09-22,1
20030909,MI,19.13,80.87,30.69,0.00,0.00,0.00,2003-09-09,2003-09-15,1
20030902,MI,45.38,54.62,0.00,0.00,0.00,0.00,2003-09-02,2003-09-08,1
20030826,MI,44.93,55.07,0.00,0.00,0.00,0.00,2003-08-26,2003-09-01,1
20030819,MI,52.12,47.88,0.00,0.00,0.00,0.00,2003-08-19,2003-08-25,1
20030812,MI,87.03,12.97,0.00,0.00,0.00,0.00,2003-08-12,2003-08-18,1
20030805,MI,86.93,13.07,0.00,0.00,0.00,0.00,2003-08-05,2003-08-11,1
20030729,MI,51.69,48.31,0.00,0.00,0.00,0.00,2003-07-29,2003-08-04,1
20030722,MI,52.41,47.59,0.00,0.00,0.00,0.00,2003-07-22,2003-07-28,1
20030715,MI,54.06,45.94,0.00,0.00,0.00,0.00,2003-07-15,2003-07-21,1
20030708,MI,40.79,59.21,0.00,0.00,0.00,0.00,2003-07-08,2003-07-14,1
20030701,MI,34.34,65.66,0.64,0.00,0.00,0.00,2003-07-01,2003-07-07,1
20030624,MI,37.49,62.51,0.41,0.00,0.00,0.00,2003-06-24,2003-06-30,1
20030617,MI,94.63,5.37,0.00,0.00,0.00,0.00,2003-06-17,2003-06-23,1
20030610,MI,100.00,0.00,0.00,0.00,0.00,0.00,2003-06-10,2003-06-16,1
20030603,MI,100.00,0.00,0.00,0.00,0.00,0.00,2003-06-03,2003-06-09,1
20030527,MI,100.00,0.00,0.00,0.00,0.00,0.00,2003-05-27,2003-06-02,1
20030520,MI,86.01,13.99,0.00,0.00,0.00,0.00,2003-05-20,2003-05-26,1
20030513,MI,86.11,13.89,0.00,0.00,0.00,0.00,2003-05-13,2003-05-19,1
20030506,MI,27.30,72.70,27.43,0.00,0.00,0.00,2003-05-06,2003-05-12,1
20030429,MI,28.50,71.50,60.27,1.92,0.00,0.00,2003-04-29,2003-05-05,1
20030422,MI,28.68,71.32,47.07,0.36,0.00,0.00,2003-04-22,2003-04-28,1
20030415,MI,28.76,71.24,60.59,0.00,0.00,0.00,2003-04-15,2003-04-21,1
20030408,MI,28.44,71.56,60.97,0.80,0.00,0.00,2003-04-08,2003-04-14,1
20030401,MI,21.02,78.98,71.24,37.80,0.00,0.00,2003-04-01,2003-04-07,1
20030325,MI,0.00,100.00,92.77,50.03,0.00,0.00,2003-03-25,2003-03-31,1
20030318,MI,0.00,100.00,100.00,51.93,0.00,0.00,2003-03-18,2003-03-24,1
20030311,MI,0.00,100.00,71.33,53.58,0.00,0.00,2003-03-11,2003-03-17,1
20030304,MI,0.01,99.99,71.19,53.15,0.00,0.00,2003-03-04,2003-03-10,1
20030225,MI,0.00,100.00,71.22,51.48,0.00,0.00,2003-02-25,2003-03-03,1
20030218,MI,0.00,100.00,71.17,32.05,0.00,0.00,2003-02-18,2003-02-24,1
20030211,MI,0.00,100.00,71.10,31.81,0.00,0.00,2003-02-11,2003-02-17,1
20030204,MI,0.00,100.00,71.16,33.07,0.00,0.00,2003-02-04,2003-02-10,1
20030128,MI,0.00,100.00,77.38,33.51,0.00,0.00,2003-01-28,2003-02-03,1
20030121,MI,0.00,100.00,82.07,32.15,0.00,0.00,2003-01-21,2003-01-27,1
20030114,MI,0.00,100.00,82.17,18.44,0.00,0.00,2003-01-14,2003-01-20,1
20030107,MI,0.00,100.00,81.26,18.38,0.00,0.00,2003-01-07,2003-01-13,1
20021231,MI,13.77,86.23,59.64,1.88,0.00,0.00,2002-12-31,2003-01-06,1
20021224,MI,28.57,71.43,59.95,2.31,0.00,0.00,2002-12-24,2002-12-30,1
20021217,MI,28.71,71.29,59.35,1.91,0.00,0.00,2002-12-17,2002-12-23,1
20021210,MI,28.84,71.16,55.00,0.00,0.00,0.00,2002-12-10,2002-12-16,1
20021203,MI,28.82,71.18,55.55,0.00,0.00,0.00,2002-12-03,2002-12-09,1
20021126,MI,28.22,71.78,56.42,0.00,0.00,0.00,2002-11-26,2002-12-02,1
20021119,MI,28.95,71.05,56.68,0.00,0.00,0.00,2002-11-19,2002-11-25,1
20021112,MI,28.91,71.09,54.86,0.00,0.00,0.00,2002-11-12,2002-11-18,1
20021105,MI,28.75,71.25,57.13,0.00,0.00,0.00,2002-11-05,2002-11-11,1
20021029,MI,28.95,71.05,48.11,0.00,0.00,0.00,2002-10-29,2002-11-04,1
20021022,MI,28.75,71.25,48.28,0.00,0.00,0.00,2002-10-22,2002-10-28,1
20021015,MI,28.86,71.14,43.69,0.00,0.00,0.00,2002-10-15,2002-10-21,1
20021008,MI,28.81,71.19,43.84,0.00,0.00,0.00,2002-10-08,2002-10-14,1
20021001,MI,28.12,71.88,51.33,0.00,0.00,0.00,2002-10-01,2002-10-07,1
20020924,MI,39.09,60.91,17.94,0.00,0.00,0.00,2002-09-24,2002-09-30,1
20020917,MI,54.57,45.43,13.00,0.00,0.00,0.00,2002-09-17,2002-09-23,1
20020910,MI,72.70,27.30,8.35,0.00,0.00,0.00,2002-09-10,2002-09-16,1
20020903,MI,92.50,7.50,1.70,0.00,0.00,0.00,2002-09-03,2002-09-09,1
20020827,MI,92.59,7.41,0.00,0.00,0.00,0.00,2002-08-27,2002-09-02,1
20020820,MI,83.76,16.24,0.00,0.00,0.00,0.00,2002-08-20,2002-08-26,1
20020813,MI,50.30,49.70,5.49,0.00,0.00,0.00,2002-08-13,2002-08-19,1
20020806,MI,52.18,47.82,3.13,0.00,0.00,0.00,2002-08-06,2002-08-12,1
20020730,MI,50.15,49.85,12.11,0.00,0.00,0.00,2002-07-30,2002-08-05,1
20020723,MI,60.96,39.04,17.45,0.00,0.00,0.00,2002-07-23,2002-07-29,1
20020716,MI,67.63,32.37,0.00,0.00,0.00,0.00,2002-07-16,2002-07-22,1
20020709,MI,100.00,0.00,0.00,0.00,0.00,0.00,2002-07-09,2002-07-15,1
20020702,MI,100.00,0.00,0.00,0.00,0.00,0.00,2002-07-02,2002-07-08,1
20020625,MI,100.00,0.00,0.00,0.00,0.00,0.00,2002-06-25,2002-07-01,1
20020618,MI,100.00,0.00,0.00,0.00,0.00,0.00,2002-06-18,2002-06-24,1
20020611,MI,100.00,0.00,0.00,0.00,0.00,0.00,2002-06-11,2002-06-17,1
20020604,MI,100.00,0.00,0.00,0.00,0.00,0.00,2002-06-04,2002-06-10,1
20020528,MI,100.00,0.00,0.00,0.00,0.00,0.00,2002-05-28,2002-06-03,1
20020521,MI,100.00,0.00,0.00,0.00,0.00,0.00,2002-05-21,2002-05-27,1
20020514,MI,100.00,0.00,0.00,0.00,0.00,0.00,2002-05-14,2002-05-20,1
20020507,MI,100.00,0.00,0.00,0.00,0.00,0.00,2002-05-07,2002-05-13,1
20020430,MI,100.00,0.00,0.00,0.00,0.00,0.00,2002-04-30,2002-05-06,1
20020423,MI,100.00,0.00,0.00,0.00,0.00,0.00,2002-04-23,2002-04-29,1
20020416,MI,100.00,0.00,0.00,0.00,0.00,0.00,2002-04-16,2002-04-22,1
20020409,MI,100.00,0.00,0.00,0.00,0.00,0.00,2002-04-09,2002-04-15,1
20020402,MI,100.00,0.00,0.00,0.00,0.00,0.00,2002-04-02,2002-04-08,1
20020326,MI,99.82,0.18,0.00,0.00,0.00,0.00,2002-03-26,2002-04-01,1
20020319,MI,100.00,0.00,0.00,0.00,0.00,0.00,2002-03-19,2002-03-25,1
20020312,MI,99.99,0.01,0.00,0.00,0.00,0.00,2002-03-12,2002-03-18,1
20020305,MI,100.00,0.00,0.00,0.00,0.00,0.00,2002-03-05,2002-03-11,1
20020226,MI,100.00,0.00,0.00,0.00,0.00,0.00,2002-02-26,2002-03-04,1
20020219,MI,100.00,0.00,0.00,0.00,0.00,0.00,2002-02-19,2002-02-25,1
20020212,MI,100.00,0.00,0.00,0.00,0.00,0.00,2002-02-12,2002-02-18,1
20020205,MI,100.00,0.00,0.00,0.00,0.00,0.00,2002-02-05,2002-02-11,1
20020129,MI,100.00,0.00,0.00,0.00,0.00,0.00,2002-01-29,2002-02-04,1
20020122,MI,100.00,0.00,0.00,0.00,0.00,0.00,2002-01-22,2002-01-28,1
20020115,MI,100.00,0.00,0.00,0.00,0.00,0.00,2002-01-15,2002-01-21,1
20020108,MI,100.00,0.00,0.00,0.00,0.00,0.00,2002-01-08,2002-01-14,1
20020101,MI,100.00,0.00,0.00,0.00,0.00,0.00,2002-01-01,2002-01-07,1
20011225,MI,100.00,0.00,0.00,0.00,0.00,0.00,2001-12-25,2001-12-31,1
20011218,MI,100.00,0.00,0.00,0.00,0.00,0.00,2001-12-18,2001-12-24,1
20011211,MI,100.00,0.00,0.00,0.00,0.00,0.00,2001-12-11,2001-12-17,1
20011204,MI,100.00,0.00,0.00,0.00,0.00,0.00,2001-12-04,2001-12-10,1
20011127,MI,100.00,0.00,0.00,0.00,0.00,0.00,2001-11-27,2001-12-03,1
20011120,MI,100.00,0.00,0.00,0.00,0.00,0.00,2001-11-20,2001-11-26,1
20011113,MI,100.00,0.00,0.00,0.00,0.00,0.00,2001-11-13,2001-11-19,1
20011106,MI,100.00,0.00,0.00,0.00,0.00,0.00,2001-11-06,2001-11-12,1
20011030,MI,100.00,0.00,0.00,0.00,0.00,0.00,2001-10-30,2001-11-05,1
20011023,MI,100.00,0.00,0.00,0.00,0.00,0.00,2001-10-23,2001-10-29,1
20011016,MI,100.00,0.00,0.00,0.00,0.00,0.00,2001-10-16,2001-10-22,1
20011009,MI,100.00,0.00,0.00,0.00,0.00,0.00,2001-10-09,2001-10-15,1
20011002,MI,100.00,0.00,0.00,0.00,0.00,0.00,2001-10-02,2001-10-08,1
20010925,MI,60.79,39.21,0.00,0.00,0.00,0.00,2001-09-25,2001-10-01,1
20010918,MI,40.55,59.45,23.81,0.00,0.00,0.00,2001-09-18,2001-09-24,1
20010911,MI,40.55,59.45,23.81,0.00,0.00,0.00,2001-09-11,2001-09-17,1
20010904,MI,18.03,81.97,19.80,0.00,0.00,0.00,2001-09-04,2001-09-10,1
20010828,MI,44.26,55.74,19.93,0.00,0.00,0.00,2001-08-28,2001-09-03,1
20010821,MI,39.92,60.08,31.45,8.30,0.00,0.00,2001-08-21,2001-08-27,1
20010814,MI,17.89,82.11,40.85,11.59,0.00,0.00,2001-08-14,2001-08-20,1
20010807,MI,15.99,84.01,21.93,0.00,0.00,0.00,2001-08-07,2001-08-13,1
20010731,MI,18.19,81.81,16.70,0.00,0.00,0.00,2001-07-31,2001-08-06,1
20010724,MI,36.95,63.05,0.00,0.00,0.00,0.00,2001-07-24,2001-07-30,1
20010717,MI,63.44,36.56,0.00,0.00,0.00,0.00,2001-07-17,2001-07-23,1
20010710,MI,100.00,0.00,0.00,0.00,0.00,0.00,2001-07-10,2001-07-16,1
20010703,MI,100.00,0.00,0.00,0.00,0.00,0.00,2001-07-03,2001-07-09,1
20010626,MI,100.00,0.00,0.00,0.00,0.00,0.00,2001-06-26,2001-07-02,1
20010619,MI,100.00,0.00,0.00,0.00,0.00,0.00,2001-06-19,2001-06-25,1
20010612,MI,100.00,0.00,0.00,0.00,0.00,0.00,2001-06-12,2001-06-18,1
20010605,MI,100.00,0.00,0.00,0.00,0.00,0.00,2001-06-05,2001-06-11,1
20010529,MI,100.00,0.00,0.00,0.00,0.00,0.00,2001-05-29,2001-06-04,1
20010522,MI,100.00,0.00,0.00,0.00,0.00,0.00,2001-05-22,2001-05-28,1
20010515,MI,99.57,0.43,0.00,0.00,0.00,0.00,2001-05-15,2001-05-21,1
20010508,MI,99.56,0.44,0.00,0.00,0.00,0.00,2001-05-08,2001-05-14,1
20010501,MI,100.00,0.00,0.00,0.00,0.00,0.00,2001-05-01,2001-05-07,1
20010424,MI,100.00,0.00,0.00,0.00,0.00,0.00,2001-04-24,2001-04-30,1
20010417,MI,100.00,0.00,0.00,0.00,0.00,0.00,2001-04-17,2001-04-23,1
20010410,MI,100.00,0.00,0.00,0.00,0.00,0.00,2001-04-10,2001-04-16,1
20010403,MI,97.36,2.64,0.00,0.00,0.00,0.00,2001-04-03,2001-04-09,1
20010327,MI,100.00,0.00,0.00,0.00,0.00,0.00,2001-03-27,2001-04-02,1
20010320,MI,100.00,0.00,0.00,0.00,0.00,0.00,2001-03-20,2001-03-26,1
20010313,MI,100.00,0.00,0.00,0.00,0.00,0.00,2001-03-13,2001-03-19,1
20010306,MI,100.00,0.00,0.00,0.00,0.00,0.00,2001-03-06,2001-03-12,1
20010227,MI,100.00,0.00,0.00,0.00,0.00,0.00,2001-02-27,2001-03-05,1
20010220,MI,100.00,0.00,0.00,0.00,0.00,0.00,2001-02-20,2001-02-26,1
20010213,MI,100.00,0.00,0.00,0.00,0.00,0.00,2001-02-13,2001-02-19,1
20010206,MI,87.04,12.96,0.00,0.00,0.00,0.00,2001-02-06,2001-02-12,1
20010130,MI,87.04,12.96,0.00,0.00,0.00,0.00,2001-01-30,2001-02-05,1
20010123,MI,87.04,12.96,0.00,0.00,0.00,0.00,2001-01-23,2001-01-29,1
20010116,MI,87.04,12.96,0.00,0.00,0.00,0.00,2001-01-16,2001-01-22,1
20010109,MI,87.04,12.96,0.00,0.00,0.00,0.00,2001-01-09,2001-01-15,1
20010102,MI,87.04,12.96,0.00,0.00,0.00,0.00,2001-01-02,2001-01-08,1
20001226,MI,77.09,22.91,0.00,0.00,0.00,0.00,2000-12-26,2001-01-01,1
20001219,MI,68.96,31.04,6.23,0.00,0.00,0.00,2000-12-19,2000-12-25,1
20001212,MI,68.96,31.04,10.06,0.00,0.00,0.00,2000-12-12,2000-12-18,1
20001205,MI,68.96,31.04,10.06,0.00,0.00,0.00,2000-12-05,2000-12-11,1
20001128,MI,68.96,31.04,10.06,0.00,0.00,0.00,2000-11-28,2000-12-04,1
20001121,MI,67.14,32.86,10.06,0.00,0.00,0.00,2000-11-21,2000-11-27,1
20001114,MI,63.92,36.08,12.44,0.00,0.00,0.00,2000-11-14,2000-11-20,1
20001107,MI,43.08,56.92,12.90,0.00,0.00,0.00,2000-11-07,2000-11-13,1
20001031,MI,43.41,56.59,12.90,0.00,0.00,0.00,2000-10-31,2000-11-06,1
20001024,MI,42.34,57.66,13.28,0.00,0.00,0.00,2000-10-24,2000-10-30,1
20001017,MI,88.24,11.76,0.00,0.00,0.00,0.00,2000-10-17,2000-10-23,1
20001010,MI,87.23,12.77,0.00,0.00,0.00,0.00,2000-10-10,2000-10-16,1
20001003,MI,83.63,16.37,0.00,0.00,0.00,0.00,2000-10-03,2000-10-09,1
20000926,MI,83.88,16.12,0.00,0.00,0.00,0.00,2000-09-26,2000-10-02,1
20000919,MI,83.88,16.12,6.54,0.00,0.00,0.00,2000-09-19,2000-09-25,1
20000912,MI,83.88,16.12,6.54,0.00,0.00,0.00,2000-09-12,2000-09-18,1
20000905,MI,82.82,17.18,6.55,0.00,0.00,0.00,2000-09-05,2000-09-11,1
20000829,MI,80.68,19.32,7.85,0.00,0.00,0.00,2000-08-29,2000-09-04,1
20000822,MI,80.68,19.32,7.85,0.00,0.00,0.00,2000-08-22,2000-08-28,1
20000815,MI,88.14,11.86,0.00,0.00,0.00,0.00,2000-08-15,2000-08-21,1
20000808,MI,82.60,17.40,0.00,0.00,0.00,0.00,2000-08-08,2000-08-14,1
20000801,MI,83.39,16.61,0.00,0.00,0.00,0.00,2000-08-01,2000-08-07,1
20000725,MI,76.54,23.46,0.00,0.00,0.00,0.00,2000-07-25,2000-07-31,1
20000718,MI,76.54,23.46,0.00,0.00,0.00,0.00,2000-07-18,2000-07-24,1
20000711,MI,100.00,0.00,0.00,0.00,0.00,0.00,2000-07-11,2000-07-17,1
20000704,MI,100.00,0.00,0.00,0.00,0.00,0.00,2000-07-04,2000-07-10,1
20000627,MI,66.00,34.00,0.00,0.00,0.00,0.00,2000-06-27,2000-07-03,1
20000620,MI,59.10,40.90,9.59,0.00,0.00,0.00,2000-06-20,2000-06-26,1
20000613,MI,58.49,41.51,9.61,0.00,0.00,0.00,2000-06-13,2000-06-19,1
20000606,MI,58.10,41.90,9.61,0.00,0.00,0.00,2000-06-06,2000-06-12,1
20000530,MI,57.52,42.48,10.06,0.00,0.00,0.00,2000-05-30,2000-06-05,1
20000523,MI,55.94,44.06,9.04,0.00,0.00,0.00,2000-05-23,2000-05-29,1
20000516,MI,0.21,99.79,43.05,0.00,0.00,0.00,2000-05-16,2000-05-22,1
20000509,MI,28.27,71.73,42.90,0.00,0.00,0.00,2000-05-09,2000-05-15,1
20000502,MI,28.27,71.73,38.15,0.00,0.00,0.00,2000-05-02,2000-05-08,1
20000425,MI,28.27,71.73,37.00,0.00,0.00,0.00,2000-04-25,2000-05-01,1
20000418,MI,27.12,72.88,56.72,12.73,0.00,0.00,2000-04-18,2000-04-24,1
20000411,MI,27.91,72.09,59.00,8.49,0.00,0.00,2000-04-11,2000-04-17,1
20000404,MI,27.74,72.26,25.49,3.93,0.00,0.00,2000-04-04,2000-04-10,1
20000328,MI,34.29,65.71,13.79,3.14,0.00,0.00,2000-03-28,2000-04-03,1
20000321,MI,40.77,59.23,13.79,3.14,0.00,0.00,2000-03-21,2000-03-27,1
20000314,MI,50.64,49.36,13.79,3.14,0.00,0.00,2000-03-14,2000-03-20,1
20000307,MI,47.11,52.89,11.85,1.49,0.00,0.00,2000-03-07,2000-03-13,1
20000229,MI,47.11,52.89,9.85,1.49,0.00,0.00,2000-02-29,2000-03-06,1
20000222,MI,38.87,61.13,7.86,0.67,0.00,0.00,2000-02-22,2000-02-28,1
20000215,MI,38.87,61.13,7.86,0.67,0.00,0.00,2000-02-15,2000-02-21,1
20000208,MI,38.87,61.13,7.86,0.67,0.00,0.00,2000-02-08,2000-02-14,1
20000201,MI,38.87,61.13,7.86,0.08,0.00,0.00,2000-02-01,2000-02-07,1
20000125,MI,38.95,61.05,8.43,0.08,0.00,0.00,2000-01-25,2000-01-31,1
20000118,MI,83.25,16.75,15.89,0.08,0.00,0.00,2000-01-18,2000-01-24,1
20000111,MI,83.08,16.92,15.99,0.08,0.00,0.00,2000-01-11,2000-01-17,1
20000104,MI,89.78,10.22,9.75,0.08,0.00,0.00,2000-01-04,2000-01-10,1
